,A1,A2,A3,B1,B2,B3,label
3427,NSAFQY,TYSSGN,AMSLSNFGNEKLT,MGHDK,SYGVNS,ASSPGGGEETQY,LLAGIGTVPI
8681,NYSPAY,IRENEKE,ALELLTGNTGGFKTI,MNHEY,SMNVEV,ASSLWQGGQPQH,RPIIRPATL
10549,TISGTDY,GLTSN,ILRRYGGSQGNLI,LGHDT,YNNKEL,ASSPVSGSTYEQY,GLCTLVAML
2051,TSGFNG,NVLDGL,AVRGGGYNKLI,MDHEN,SYDVKM,ASSFRTANQPQH,SPRWYFYYL
9155,SVFSS,VVTGGEV,AGAGSQGNLI,LNHNV,YYDKDF,ATSRDLASQAF,GILGFVFTL
425,NSASQS,VYSSG,VVLTSGGYNKLI,LNHDA,SQIVND,ASSPGNTGELF,TPRVTGGGAM
6295,DRGSQS,IYSNGD,AVTGNTDKLI,MNHEY,SVGEGT,ASSSAGAAYEQY,LLWNGPMAV
3551,NSMFDY,ISSIKDK,AASADTGNQFY,SQVTM,ANQGSEA,SVGSRGTNEKLF,RGPGRAFVTI
4676,NSASQS,VYSSG,VVQETSYDKVI,MNHEY,SMNVEV,ASRPVPYNEQF,GILGFVFTL
9932,NSASQS,VYSSG,VAHYNTDKLI,SNHLY,FYNNEI,ASIQGWGEKLF,CTELKLSDY
4112,DSASNY,IRSNVGE,AATETSYDKVI,SEHNR,FQNEAQ,ASSPLGKQETQY,RAKFKQLL
5297,DSASNY,IRSNVGE,AYGGSQGNLI,SEHNR,FQNEAQ,ASSLDTQY,RAKFKQLL
8105,YGGTVN,YFSGDPLV,AVKDTDKLI,WNHNN,SYGVQD,ASSSGPDTQY,YVLDHLIVV
9828,TISGNEY,GLKNN,IVSLSWGELTGGGNKLT,LNHDA,SQIVND,ASSIRSEETQY,GILGFVFTL
7885,ATGYPS,ATKADDK,ALRPA,LGHNA,YSLEER,ASSERNHLEAF,YLQPRTFLL
9211,DSASNY,IRSNVGE,AASDGNKLV,SGHDY,FNNNVP,ASSQGTGELF,GILGFVFTL
3915,NYSPAY,IRENEKE,ALEGYSGGGADGLT,MDHEN,SYDVKM,ASSPSGGATGELF,GILGFVFTL
204,DSAIYN,IQSSQRE,AVFAARLM,SGHNS,FNNNVP,ASSFIGGTTDTQY,TTDPSFLGRY
9843,TTLSN,LVKSGEV,AGLGDSGGSNYKLT,LGHDT,YNNKEL,ASGDGLAGKITGELF,VLFGLGFAI
7796,NSAFQY,TYSSGN,AMRLSNFGNEKLT,DFQATT,SNEGSKA,SAGRDRKISGARTGELF,LLAGIGTVPI
8484,DSAIYN,IQSSQRE,ASRNSGNTPLV,MNHEY,SVGAGI,ASSYAIAEQY,LLAGIGTVPI
4291,TSINN,IRSNERE,ATVSRMDSSYKLI,SEHNR,FQNEAQ,ASSLIGVSGSNEQF,TPRVTGGGAM
8235,VSGNPY,YITGDNLV,AVSPLGGSQGNLI,LNHDA,SQIVND,ASSGRSSDTQY,GILGFVFTL
631,DRGSQS,IYSNGD,AVNPLIRANNLF,LNHDA,SQIVND,ASSMGGVATDTQY,ELAGIGILTV
9188,SSVSVY,YLSGSTLV,AVTAGDYKLS,GTSNPN,SVGIG,AWSVRDIGNQPQH,ATDALMTGF
1067,TISGNEY,GLKNN,IVRTYTSGTYKYI,MGHRA,YSYEKL,ASSQDEIGLASDTQY,GILGFVFTL
4876,TSGFNG,NVLDGL,AVNDYKLS,SGHNT,YENEEA,ASSPGSDNEQF,ALWEIQQVV
288,VGISA,LSSGK,AVRTEMYSGGGADGLT,KGHDR,SFDVKD,ATSDATYLSAGELF,ALGIGILTV
84,TRDTTYY,RNSFDEQN,ALSGSGGATNKLI,SGHTA,FQGNSA,ASAHPRASGSTDTQY,GILGFVFTL
1120,DRGSQS,IYSNGD,AVTTDRSGKLQ,MNHEY,SVGAGI,ASRPGAAGGRPELY,LLFGYPVYV
764,TSDPSYG,QGSYDQQN,AMREGRYGGSQGNLI,SQVTM,ANQGSEA,SVDRDRGLQETQY,GILGFVFTL
2988,DSAIYN,IQSSQRE,AVATDSWGKLQ,SGHRS,YFSETQ,ASSQQNQPQH,TTDPSFLGRY
7535,DRGSQS,IYSNGD,AVTRFSDGQKLL,SGDLS,YYNGEE,ASSVTANTGELF,SPRWYFYYL
6642,DSASNY,IRSNVGE,AASIPTSNTGKLI,LNHDA,SQIVND,ASSSTLYNEQF,GILGFVFTL
135,NSASQS,VYSSG,VVNSINDYKLS,SGHTA,FQGNSA,ASSLTLQRVGTGELF,GLCTLVAML
7076,SIFNT,LYKAGEL,AGFEVNAGKST,LNHDA,SQIVND,ASSARSNYEQY,GILGFVFTL
4247,TSINN,IRSNERE,ALWGSGYSTLT,MNHEY,SVGEGT,ASSYPGMDEQY,NLVPMVATV
6263,NSASQS,VYSSG,VGGGSQGNLI,LNHDA,SQIVND,ASSSTGAYNEQF,GILGFVFTL
9853,TSENNYY,QEAYKQQN,AFMNPSNDYKLS,SEHNR,FQNEAQ,ASSSWTSGPTDEQF,MEVTPSGTWL
1056,NSAFQY,TYSSGN,AMSSTSGTYKYI,LNHNV,YYDKDF,ATSRDRAPLVGYT,VSDGGPNLY
4146,NSAFQY,TYSSGN,AMSLSNFGNEKLT,SGHTA,FQGNSA,ASSLAGGEDTGELF,LLAGIGTVPI
3561,SIFNT,LYKAGEL,AGVARSYNTDKLI,LNHDA,SQIVND,ASSIMGPGELF,GILGFVFTL
666,DSASNY,IRSNVGE,AARVRGFGNVLHCFGNVLH,SGHNS,FNNNVP,ASSFSGNTGELF,RAKFKQLL
1503,NSASQS,VYSSG,VVNGRDSSYKLI,SNHLY,FYNNEI,ASSAPDKAPNEQY,GLCTLVAML
1615,SSVSVY,YLSGSTLV,AVSEKAGNMLT,WSHSY,SAAADI,ASSELSGSGQEQY,GILGFVFTL
4644,NSASQS,VYSSG,VVTPSNFGNEKLT,SNHLY,FYNNEI,ASSPTGSSYNEQF,LLAGIGTVPI
6220,SIFNT,LYKAGEL,AGQLAGGSQGNLI,LNHDA,SQIVND,ASSISSINEQF,GILGFVFTL
8971,NSASQS,VYSSG,VVSPDDKII,MNHNS,SASEGT,ASSEGIYGYT,LLWNGPMAV
7641,DRGSQS,IYSNGD,AVTSRGADKLI,MDHEN,SYDVKM,ASLRGGQVSYEQY,LLAGIGTVPI
1097,VGISA,LSSGK,AVESYNTDKLI,MNHEY,SMNVEV,ASSSYTQRGLDYTGELF,QYIKWPWYI
1837,NTAFDY,IRPDVSE,AASRSNVGKEQFT,PRHDT,FYEKMQ,ASSPDPTGFGEAF,LLAGIGTVPI
9649,KALYS,LLKGGEQ,GTVLDNTGKLI,LNHDA,SQIVND,ASSTRSSTEQY,GILGFVFTL
7529,DRGSQS,IYSNGD,AVKDQFY,LGHNA,YSLEER,ASSQGTGEGYGYT,ELAGIGILTV
6944,DRGSQS,IYSNGD,AVSDDKII,SGHTA,FQGNSA,ASSPGPTSYEQY,LLWNGPMAV
1482,NSMFDY,ISSIKDK,AASPLGGNKLV,SGDLS,YYNGEE,ASSPGLAASTDTQY,SPRWYFYYL
9621,DRGSQS,IYSNGD,AAYSGGGADGLT,MNHEY,SVGAGI,ACTGRGGNGYT,YLQPRTFLL
1464,TTSDR,LLSNGAV,AVDIYSGTYKYI,SGDLS,YYNGEE,ASSVAGTGGLFYT,ALWEIQQVV
376,VGISA,LSSGK,AVRGEFGNEKLT,SGHTA,FQGTGA,ASSLLPYNEQF,VLEETSVML
233,TSENNYY,QEAYKQQN,AFMKPPYGNYQLI,KGHDR,SFDVKD,ATSDLGPTGELF,TTDPSFLGRY
2573,NSASQS,VYSSG,VARGGATNKLI,ENHRY,SYGVKD,AISVSQFDEQF,EPLPQGQLTAY
6139,NSASQS,VYSSG,AADGFQKLV,MNHEY,SMNVEV,ASSLTGSGYT,ALAGIGILTV
7083,TSGFYG,NALDGL,AVRDQDYGQNFV,SGHDT,YYEEEE,ASRDRGVGSPLH,LLWNGPMAV
9929,SVFSS,VVTGGEV,AGAGASNTGKLI,LNHDA,SQIVND,ASSIRSSYEQY,GILGFVFTL
5676,DSASNY,IRSNVGE,AASMIIQGAQKLV,MNHEY,SMNVEV,ASSPLAGWDIQY,GILGFVFTL
937,KALYS,LLKGGEQ,GTEINDYKLS,DFQATT,SNEGSKA,SAWTGTEAF,GLCTLVAML
8500,TSESDYY,QEAYKQQN,AYREYGNKLV,LGHDT,YNNKEL,ASSQDLAGRDLTYGYT,RAKFKQLL
2180,NSASDY,IRSNMDK,AETETSYDKVI,SEHNR,FQNEAQ,ASSLTELGHRADTQY,RAKFKQLL
725,SIFNT,LYKAGEL,AGRESNTGKLI,MNHEY,SMNVEV,ASSLVRGGEETQY,QAKWRLQTL
1224,DRGSQS,IYSNGD,AVSGSASKII,SGHDN,FVKESK,ASSQGPAAYEQY,LLWNGPMAV
5384,TSINN,IRSNERE,ATDALYGQNFV,SGHTA,FQGTGA,ASSPLKTGAEGEQF,KSKRTPMGF
7895,DRGSQS,IYSNGD,AALKGAQKLV,SNHLY,FYNNEI,ASSVHSYEQY,LLLDRLNQL
8573,NSAFQY,TYSSGN,AMISNTGGFKTI,SGHNT,YYREEE,ASSFSVGENEKLF,RAKFKQLL
1817,DSAIYN,IQSSQRE,AVAQGGSEKLV,SGHNS,FNNNVP,ASSLWGDYEQY,RAKFKQLL
10830,DSASNY,IRSNVGE,AAPDASYDKVI,SGHNS,FNNNVP,ASSPPGANVLT,RAKFKQLL
6270,DSSSTY,IFSNMDM,AERGGGFKTI,SGHRS,YFSETQ,ASSERASPGNVLT,SPRWYFYYL
10614,DRGSQS,IYSNGD,AAEAAGNKLT,MNHEY,SMNVEV,ASNFGLPFGNEQF,LTDEMIAQY
7077,DRGSQS,IYSNGD,AVSGGYQKVT,SGHTA,FQGTGA,ASSDLSGELF,ELAGIGILTV
9755,VSGNPY,YITGDNLV,AVRDIHTGGFKTI,SGDLS,YYNGEE,ASSARDDYDEQY,GILGFVFTL
10181,NSASDY,IRSNMDK,ADSGGGADGLT,SGHDT,YYEEEE,ASSSEGQVAKNIQY,RAKFKQLL
3416,TISGNEY,GLKNN,IVRPYNNDMR,SGDLS,YYNGEE,ASSPGSYSNQPQH,NQKLIANQF
4888,DSSSTY,IFSNMDM,ADGLRTGFQKLV,MGHRA,YSYEKL,ASSLAEKANTGELF,NLVPMVATV
3772,TTLSN,LVKSGEV,AGTSGTYKYI,GTSNPN,SVGIG,AWGTRDSPSYEQY,MEVTPSGTWL
113,NSASQS,VYSSG,VVTGVHYGGSQGNLI,SNHLY,FYNNEI,ASSESGSPSYYEQY,CTELKLSDY
4972,SSVSVY,YLSGSTLV,AVSDLRGTASKLT,ENHRY,SYGVKD,AISEDVGQPQH,PTDNYITTY
8429,SVFSS,VVTGGEV,AGAGNYQLI,SGHNS,FNNNVP,ASSFLDRGPNTEAF,RAKFKQLL
2528,TISGTDY,GLTSN,ILWRYGGGQGNLI,LGHDT,YNNKEL,ASSPVSGSTYEQY,GLCTLVAML
5796,NSAFQY,TYSSGN,AMSARSGYSTLT,MDHEN,SYDVKM,ASSLLPEQETQY,TTDPSFLGRY
6149,TSGFNG,NVLDGL,AVRGRDYKLS,LGHDT,YNNKEL,ASSQPVAARGAQY,RAKFKQLL
5281,DSASNY,IRSNVGE,AAKEGYSTLT,SQVTM,ANQGSEA,SAGGNTEAF,RAKFKQLL
6487,SSVPPY,YTSAATLV,AVSGPRNNNARLM,MNHEY,SMNVEV,ASSLGVNTEAF,MEVTPSGTWL
9045,NSASQS,VYSSG,AAGGSYIPT,MNHEY,SVGAGI,ASSYEQGGQETQY,ALAGIGILTV
7646,SSYSPS,YTSAATLV,VVSDRMDSSYKLI,SEHNR,FQNEAQ,ASSLRTGVVTGELF,TPRVTGGGAM
2310,DRGSQS,IYSNGD,AVTGDDKII,SGHTA,FQGNSA,ASSPSGGAYGYT,LLWNGPMAV
8707,SVFSS,VVTGGEV,AACAEYGNKLV,SGDLS,YYNGEE,ASSVGGVTYNEQF,LLWNGPMAV
3242,NSASDY,IRSNMDK,AEVNGGSQGNLI,MNHEY,SMNVEV,ASSPKTGRHQETQY,TTDPSFLGRY
1133,TRDTTYY,RNSFDEQN,ALSLLSDGQKLL,DFQATT,SNEGSKA,SFGPQGAKYEQY,QYIKWPWYI
1408,VSGLRG,LYSAGEE,AVSTDKLI,LNHDA,SQIVND,ALEGNGELF,GILGFVFTL
9597,TTLSN,LVKSGEV,ASNSGYALN,MNHEY,SMNVEV,ASSLWTGNTEAF,GILGFVFTL
8489,TSGFNG,NVLDGL,AVRDTSGTYKYI,SQVTM,ANQGSEA,SVEPSGSYEQY,VYFLQSINF
9266,DSASNY,IRSNVGE,AASEYGNKLV,MGHRA,YSYEKL,ASSQTPTGSNYGYT,RAKFKQLL
7974,TSGFNG,NVLDGL,AVMDSSYKLI,ENHRY,SYGVKD,AISGGTSRDTEAF,RAKFKQLL
1825,DRGSQS,IYSNGD,AVKGGQKLL,MDHEN,SYDVKM,ASSPLGLSSYNEQF,LLAGIGTVPI
10846,SSVPPY,YTSAATLV,AVSERIRGAQKLV,SGHNT,YYREEE,ASSLGGGHTDTQY,GILGFVFTL
3127,VSGNPY,YITGDNLV,AVRDSASGNTGKLI,LNHDA,SQIVND,ASSWGTGGNQPQH,FEDLRLLSF
8519,DSSSTY,IFSNMDM,AEGGGNMLT,LNHNV,YYDKDF,ATSPEENTGELF,CINGVCWTV
6185,NSAFQY,TYSSGN,AMSGGNDYKLS,SQVTM,ANQGSEA,SVAKAGLTDNYGYT,LLAGIGTVPI
5226,VSNAYN,GSKP,AGVNRDDKII,DFQATT,SNEGSKA,SARGQTFYEQY,YVLDHLIVV
8181,NIATNDY,GYKTK,LVENRDDKII,SNHLY,FYNNEI,ASSDRQNTEAF,TTDPSFLGRY
7749,NIATNDY,GYKTK,LVGDVDTDKLI,DFQATT,SNEGSKA,SASHPGDSPLH,RTATKAYNV
2147,DSASNY,IRSNVGE,AASETSYDKVI,LNHDA,SQIVND,ASSIRSNQPQH,GILGFVFTL
10319,YGGTVN,YFSGDPLV,AVNMALGGGYQKVT,SGHDT,YYEEEE,ASSPPARDRDHEQY,QMMVKAGL
445,DSSSTY,IFSNMDM,AESLWDDKII,SNHLY,FYNNEI,ASRSSGGAYNEQF,RAKFKQLL
9198,NYSPAY,IRENEKE,FYTGGFKTI,LNHDA,SQIVND,ASRSSGEYEQY,YLQPRTFLL
1948,DSASNY,IRSNVGE,AASIGAAGNKLT,KGHDR,SFDVKD,ATSESGGLTDTQY,RAKFKQLL
3508,SIFNT,LYKAGEL,AGGGGGGSQGNLI,LNHDA,SQIVND,ASSIFGNQPQH,GILGFVFTL
2973,DRGSQS,IYSNGD,ASSGTYKYI,SGHDN,FVKESK,ASSQGGALNTEAF,LLLDRLNQL
2586,DSASNY,IRSNVGE,AAMETSYDKVI,SGDLS,YYNGEE,ASSVARTGTNTGELF,RAKFKQLL
10166,DRGSQS,IYSNGD,AADTGGFKTI,MDHEN,SYDVKM,ASREVGPEAF,LLLDRLNQL
5506,NSAFQY,TYSSGN,AMEISNFGNEKLT,MNHNS,SASEGT,ASRDFGNYGYT,LLAGIGTVPI
10452,TSGFYG,NALDGL,AVNNYGQNFV,SGHNS,FNNNVP,ASSTTSGGVETQY,GILGFVFTL
4309,NSMFDY,ISSIKDK,PGGSQGNLI,LNHDA,SHIVND,ASSIGVYGYT,GILGFVFTL
1414,TSGFNG,NVLDGL,AVSDSNYQLI,LGHDT,YNNKEL,ASSQELEVYNEQF,RAKFKQLL
8171,TRDTTYY,RNSFDEQN,ALITIKAAGNKLT,LNHDA,SQIVND,ASSISGGYNEQF,SPRWYFYYL
3299,NSMFDY,ISSIKDK,AASAGGGSQGNLI,LNHDA,SQIVND,ASSGGSKNYAV,GILGFVFTL
4038,NSASDY,IRSNMDK,ADLPGHGQESTY,ENHRY,SYGVKD,ATSTGDSNQPQH,EPLPQGQLTAY
9213,DSSSTY,IFSNMDM,AESGWGSYIPT,SGHDT,YYEEEE,ASSLRGNEQY,TPRVTGGGAM
7745,SVFSS,VVTGGEV,AGGGSQGNLI,SGHNS,FNNNVP,ASTPEEAGTETQY,GILGFVFTL
8110,NSASQS,VYSSG,NNNDMR,SGDLS,YYNGEE,ASSVDTGLTGELF,GLCTLVAML
2394,KTLYG,LQKGGEE,GADTTSGTYKYI,MGHRA,YSYEKL,ASSPGTGEGYEQY,RAKFKQLL
551,DRGSQS,IYSNGD,AVNTGGFKTI,MNHEY,SVGEGT,ASGDRSWETQY,ALAGIGILTV
7886,NIATNDY,GYKTK,LVGPSNGGYNKLI,SGHAT,FQNNGV,ASSPIPGELF,GILGFVFTL
1070,SSNFYA,MTLNGDE,AFPGGNKLV,ENHRY,SYGVKD,AISEWDSPTLNSPLH,EPLPQGQLTAY
6483,TSINN,IRSNERE,ATDAGNDMR,MNHEY,SVGAGI,ASSYWVGDTDTQY,GLCTLVAML
8147,TSINN,IRSNERE,ARSRNKQGGIFF,MNHEY,SMNVEV,ASSLMGQGINQPQH,GILGFVFTL
1655,TSESDYY,QEAYKQQN,AYRREETSGSRLT,LNHDA,SQIVND,ASSIYQGSSYNEQF,GILGFVFTL
5311,TRDTTYY,RNSFDEQN,ALSEAGFYNQGGKLI,LNHDA,SQIVND,ASSIYGGAGDGYT,GILGFVFTL
181,TSDPSYG,QGSYDQQN,TTDSWGKFE,DFQATT,SNEGSKA,SARDRGGENTGELF,NLVPMVATV
5315,DSSSTY,IFSNMDM,AESEGPTYTDKLI,SGHDT,YYEEEE,ASSLRDGSEAF,RAKFKQLL
5895,NSASQS,VYSSG,ASGGSYIPT,LGHDT,YNNKEL,ASSPGLATGELF,LLAGIGTVPI
10555,DRGSQS,IYSNGD,AVNADKII,MDHEN,SYDVKM,ASTQIFGNYGYT,ELAGIGILTV
125,TSGFNG,NVLDGL,AVLDSNYQLI,DFQATT,SNEGSKA,SARGLADPYEQY,FLRGRAYGL
10632,TSINN,IRSNERE,ATEGDSGYSTLT,SGHNT,YYREEE,ASSSTGGGEKDQPQH,FLYALALLL
2295,DSVNN,IPSGT,AGSPSNTGKLI,LNHDA,SQIVND,ASSIYSNQPQH,GILGFVFTL
3867,TISGTDY,GLTSN,ILRDVSTGNQFY,SGHAT,FQNNGV,ASSFTTRTGAHNGYT,VSDGGPNLY
5615,TSESDYY,QEAYKQQN,ANAQKLV,SGHVS,FQNEAQ,ASSLEGLAGYEQY,KSKRTPMGF
2758,SSYSPS,YTSAATLV,AIGFQKLV,MDHEN,SYDVKM,ASSLPKTINSEQY,GILGFVFTL
9857,NIATNDY,GYKTK,LVGDNTGFQKLV,MDHEN,SYDVKM,ASSSKRTVQFYGYT,SPRWYFYYL
10744,TSDPSYG,QGSYDQQN,AMSKGRGSQGNLI,LNHDA,SQIVND,ASSMSGVPTDTQY,GILGFVFTL
2155,TSDPSYG,QGSYDQQN,AMREGPELTGGGNKLT,DFQATT,SNEGSKA,SAKRNRAYHYGYT,HPNGYKSLSTL
711,KALYS,LLKGGEQ,GPEEPNDYKLS,SGDLS,YYNGEE,ASSPGQLSNTGELF,GLCTLVAML
8084,YGATPY,YFSGDTLV,AVVVRNTGGFKTI,SGHDY,FNNNVP,ASTTGTSGRDYNEQF,FLYALALLL
6928,TISGNEY,GLKNN,IVRVIVSGGGADGLT,SGHNS,FNNNVP,ASSFSGNTGELF,RAKFKQLL
2052,DRGSQS,IYSNGD,AVWGWETGRRALT,SGHRS,YFSETQ,ASSLGQGYEQY,TPRVTGGGAM
9581,TSINN,IRSNERE,ATEGDSGYSTLT,MDHEN,SYDVKM,ASSTDRAAQPQH,FLYALALLL
5623,VSGNPY,YITGDNLV,AVRDRYGYSTLT,SGHNS,FNNNVP,ASSFSGNTGELF,RAKFKQLL
2461,TISGNEY,GLKNN,IVRAPLSGGSNYKLT,SGHRS,YFSETQ,ASSLSTSGRTLDTEAF,LTDEMIAQY
3974,YSGSPE,HISR,ALPNTDKLI,LNHDA,SQIVND,ASSISVHWRESYNEQF,SPRWYFYYL
6720,YGATPY,YFSGDTLV,AVDFSGTYKYI,MGHRA,YSYEKL,ASSQDGQGAMYEQY,LTDEMIAQY
755,TRDTTYY,RNSFDEQN,ALSEVNTGNQFY,MNHEY,SMNVEV,ASSLWASSEQY,YLQPRTFLL
2735,NSMFDY,ISSIKDK,AASAGLYSGAGRYQLT,MDHEN,SYDVKM,ASSLNPVLRLDTQY,QAKWRLQTL
8973,DSAIYN,IQSSQRE,APNSGGGADGLT,LGHDT,YNNKEL,ASSQAGAKTQY,RVAGDSGFAAY
4960,SIFNT,LYKAGEL,AGRGAGSARQLT,MGHRA,YSYEKL,ASSQGGDDTEAF,LTDEMIAQY
7970,SIFNT,LYKAGEL,AGLDDSWGKLQ,SEHNR,FQNEAQ,ASSSLDSYNEQF,ATDALMTGF
5839,DRGSQS,IYSNGD,AVNYGNKLV,DFQATT,SNEGSKA,SASAGLAEAF,ELAGIGILTV
6580,NSAFQY,TYSSGN,AMGGGNKLT,MNHEY,SVGEGT,ASNFGFSDYEQY,LLAGIGTVPI
1442,TSDPSYG,QGSYDQQN,AMREDAGGTSYGKLT,MDHEN,SYDVKM,ASSLTGTGFKQF,CINGVCWTV
4280,TRDTTYY,RNSFDEQN,ALALIQGAQKLV,LNHDA,SQIVND,ASSPGGMNTEAF,GILGFVFTL
1937,DSASNY,IRSNVGE,AASQASNSGYALN,LGHNA,YSLEER,ASSPYRNTEAF,RPHERNGFTVL
4807,YSGSPE,HISR,ALWKYGNKLV,LNHDA,SQIVND,ASREQWGQNTGELF,VTEHDTLLY
8034,TTLSN,LVKSGEV,AGNYGGSQGNLI,LNHDA,SQIVND,ASSTRSHEPQH,GILGFVFTL
8454,TSINN,IRSNERE,ATPSRNNYGQNFV,LNHDA,SQIVND,ASSIFSGLNEQF,GILGFVFTL
738,YGGTVN,YFSGDPLV,AVNDGGANNLF,MNHEY,SMNVEV,ASSPLLGGGYGYT,YVLDHLIVV
5101,NSAFQY,TYSSGN,AMSISNFGNEKLT,SGDLS,YYNGEE,ASSVEFGGSSYNEQF,LLAGIGTVPI
835,NSASQS,VYSSG,VVNGISGTYKYI,PRHDT,FYEKMQ,ASSPVAGGNTGELF,YLQPRTFLL
608,DRGSQS,IYSNGD,AADSGNTPLV,SGDLS,YYNGEE,ASGRSGELF,ALAGIGILTV
3230,NSMFDY,ISSIKDK,AARSGNTPLV,SEHNR,FQNEAQ,ASSLGETIYGYT,QYIKWPWYI
3885,TSESDYY,QEAYKQQN,AYRSPNTGNQFY,SEHNR,FQNEAQ,ASSSHDRTGVRTEAF,TPRVTGGGAM
8330,NIATNDY,GYKTK,LVGPNARLM,SGHAT,FQDESV,ASSLEPGAPNTGELF,CINGVCWTV
8277,DRGSQS,IYSNGD,AVNAGNDMR,MNHEY,SVGEGT,ASSYGQGWGYT,ELAGIGILTV
4812,TTSDR,LLSNGAV,AVDNNNDMR,MNHEY,SVGAGI,ASSYSSYGGHNEQF,RTLNAWVKV
3498,TSDPSYG,QGSYDQQN,AMREVINTGNQFY,SGDLS,YYNGEE,ASSVEGGLAQETQY,GILGFVFTL
7617,TSDPSYG,QGSYDQQN,AMREGTSGTYKYI,MNHEY,SMNVEV,ASSFSNEKLF,MEVTPSGTWL
10815,DRGSQS,IYSNGD,AVVEGGGADGLT,MNHEY,SMNVEV,ASSLSPFYSYGYT,ELAGIGILTV
7425,DSAIYN,IQSSQRE,AVRGSSGTYKYI,LNHDA,SQIVND,ASMLRWANTGELF,LTDEMIAQY
1520,VSGNPY,YITGDNLV,NTGNQFY,LNHDA,SQIVND,ASSVFATGGSGYT,GILGFVFTL
1086,NSAFQY,TYSSGN,AIGSGNTGKLI,SNHLY,FYNNEI,AIDRNTEAF,GILGFVFTL
1706,DSASNY,IRSNVGE,AAMETSYDKVI,KGHSH,LQKENI,ASSPRKDSTGELF,RAKFKQLL
874,TISGTDY,GLTSN,ILREFYNDMR,MGHRA,YSYEKL,ASSQTNTDTQY,RAKFKQLL
8239,TSDPSYG,QGSYDQQN,AMREGTSYQKVT,SGHTA,FQGNSA,ASSLGGGSTDTQY,FTSDYYQLY
5370,NSASQS,VYSSG,VVNRMDDMR,SGHRS,YFSETQ,ASIDTNTGEL,YLQPRTFLL
3404,TRDTTYY,RNSFDEQN,ALSEDNDYKLS,ENHRY,SYGVKD,AISESVAGEQETQY,RAKFKQLL
5129,YSGSPE,HISR,ALRDMEYGNKLV,SGHTA,FQGTGA,ARRLLASGGPNEQY,RAKFKQLL
5588,SSVSVY,YLSGSTLV,KAPLV,MNHEY,SMNVEV,ASREGSYPKNIQY,VLFGLGFAI
6401,TSDPSYG,QGSYDQQN,AMRDLFSGSARQLT,MNHNS,SASEGT,ASSQTGGPLQPQH,SPRWYFYYL
4117,NSAFQY,TYSSGN,AMSISNFGNEKLT,SGDLS,YYNGEE,ASSDTGTSGFEAKNIQY,LLAGIGTVPI
9523,TSDPSYG,QGSYDQQN,AMRGRTGNQFY,SGHDY,FNNNVP,ASSQKLAGDNEQF,ALSKGVHFV
3156,DSASNY,IRSNVGE,AASGDNYGQNFV,ENHRY,SYGVKD,AISDGARGPGTGELF,RPPIFIRRL
10571,TSESDYY,QEAYKQQN,AYRSAIDDKII,SNHLY,FYNNEI,ASSELGRSSSGNTIY,GILGFVFTL
5383,TSGFYG,NALDGL,AVIRRALT,SNHLY,FYNNEI,ASGGQGDSYEQY,CTELKLSDY
7609,ATGYPS,ATKADDK,AQNAGNMLT,DFQATT,SNEGSKA,SANPEGPYEQY,QMMVKAGL
9364,NTAFDY,IRPDVSE,AARTGEGVVYSGAGSYQLT,LNHDA,SQIVND,ASSSTSRDYGYT,NQKLIANQF
1201,DRGSQS,IYSNGD,AVNFGNEKLT,MNHEY,SMNVEV,ASSFGGPYEQY,ALGIGILTV
3137,DRGSQS,IYSNGD,AVAVGVSGGGADGLT,SGHAT,FQNNGV,ASSSGGPFYEQY,GILGFVFTL
7639,DSAIYN,IQSSQRE,AVVRGGADGLT,MDHEN,SYDVKM,ASSALVLYATDTQY,GILGFVFTL
2969,KALYS,LLKGGEQ,GTRYISFTGGGNKLT,SGHNS,FNNNVP,ASSFSGNTGELF,RAKFKQLL
1477,DRGSQS,IYSNGD,AVTSWTDKLI,SGDLS,YYNGEE,ASSVGGNTEAF,ALGIGILTV
10137,SSNFYA,MTLNGDE,AFMYSGGGADGLT,LNHDA,SQIVND,ASSNNYEQY,NYNYLYRLF
4292,SIFNT,LYKAGEL,AGSDFQGAQKLV,SGHRS,YFSETQ,ASSLAGGGEQY,YVLDHLIVV
2808,YSGSPE,HISR,ALFDFGNEKLT,SGDLS,YYNGEE,ASSVTSGGQDTQY,MEVTPSGTWL
10509,DSAIYN,IQSSQRE,AACNNAGNMLT,LNHDA,SQIVND,ASSIAPGSEQY,LLDFVRFMGV
3992,DSVNN,IPSGT,APWFSDGQKLL,SGHTA,FQGTGA,ASSEGGGAYDTQY,RAKFKQLL
6671,SVFSS,VVTGGEV,AGFFPYGGATNKLI,LGHNA,YNFKEQ,ASSPLAGVGNEQF,YSEHPTFTSQY
5788,DRGSQS,IYSNGD,AVPLAGTGRRALT,LNHDA,SQIVND,ASSILGVSTDTQY,ELAGIGILTV
2919,SSNFYA,MTLNGDE,TTDSWGKFE,LNHDA,SQIVND,ASSIFSGRENEQY,GILGFVFTL
335,VGISA,LSSGK,AVGEEETSGSRLT,LNHDA,SQIVND,ASSVFFRSKLF,GILGFVFTL
2685,DSASNY,IRSNVGE,AASLNNNAGNMLT,MRHNA,SNTAGT,ASSEGFNTEAF,RAKFKQLL
505,YSGSPE,HISR,TTSGTYKYI,MNHEY,SMNVEV,ASSSLTSGGARYTQY,SPRWYFYYL
2451,VSGNPY,YITGDNLV,AVRDENARLM,LGHNA,YSLEER,ASSQGLAGSEQY,GILGFVFTL
8553,DRGSQS,IYSNGD,AVNMDTGRRALT,MDHEN,SYDVKM,ASSDGRYSNQPQH,LLLDRLNQL
7271,TSDPSYG,QGSYDQQN,AMGRQDFNKFY,LGHNA,YSLEER,ASSQDDLSLGANVLT,GILGFVFTL
10887,TRDTTYY,RNSFDEQN,ALCKGDDKII,LNHDA,SQIVND,ASSMRSTGELF,GILGFVFTL
4411,DSSSTY,IFSNMDM,ADPQAGTALI,MGHRA,YSYEKL,ASSQFSGGNEQF,GLCTLVAML
8633,DRGSQS,IYSNGD,AVKTSYIPT,LGHNA,YSLEER,ASSQGLNTEAF,HSNLNDATY
7632,DRGSQS,IYSNGD,APPDSSYKLI,MDHEN,SYDVKM,ASSLQGVSYEQY,TTDPSFLGRY
626,TISGNEY,GLKNN,IVRVANGGYGGSQGNLI,LNHDA,SQIVND,ASSIRSSYEQY,GILGFVFTL
9786,DRGSQS,IYSNGD,AVKTDSWGKLQ,MGHRA,YSYEKL,ASSPGELVPNTEAF,ELAGIGILTV
3994,YGATPY,YFSGDTLV,AVGAAEYGNKLV,SEHNR,FQNEAQ,ASSLVGGPSVQF,NLVPMVATV
1191,NSMFDY,ISSIKDK,AASGLKMDSSYKLI,MNHEY,SMNVEV,ASSSTPNRGLAVGQY,YLQPRTFLL
5412,YSGSPE,HISR,ALWEYGNKLV,LNHDA,SQIVND,ASRATIGGTGELF,VTEHDTLLY
8006,NSASQS,VYSSG,VVNMPGAGSYQLT,PRHDT,FYEKMQ,ASSPVAGGNTGELF,YLQPRTFLL
820,DSSSTY,IFSNMDM,AEDSGNLI,SGHAT,FQNNGV,ASSLNRGDPEAF,GLCTLVAML
2506,TSENNYY,QEAYKQQN,AFMTNAGGTSYGKLT,SGHTA,FQGNSA,ASSWGGGSHYGYT,GILGFVFTL
5868,NSASQS,VYSSG,AVSMYSGGGADGLT,LGHNA,YNFKEQ,ASSPQGDSASSGNTIY,KLSALGINAV
1244,DRGSQS,IYSNGD,AVDTGRRALT,MNHEY,SVGAGI,ASTTSELAKNIQY,ELAGIGILTV
9236,SSVPPY,YTSAATLV,AVRMGGGAGYSTLT,KGHDR,SFDVKD,ATSDSAGYNEQF,NLVPMVATV
5420,VSGNPY,YITGDNLV,ADLNSGYSTLT,SNHLY,FYNNEI,ASIDDSLENYGYT,TTDPSFLGRY
5016,SVFSS,VVTGGEV,AGESNAGKST,LNHDA,SQIVND,ASSPRGGYEQY,GILGFVFTL
293,NSASQS,VYSSG,VVNIPFNPGKLI,MGHRA,YSYEKL,ASSLLWAEYNEQF,RAKFKQLL
8496,DRGSQS,IYSNGD,AAVASKII,LGHDT,YNNKEL,ASSIKPDGYEQY,LLWNGPMAV
35,SIFNT,LYKAGEL,AGQLRGGSEKLV,DFQATT,SNEGSKA,SASTDRELNEQY,YLQPRTFLL
9239,TTLSN,LVKSGEV,AGPGSSNTGKLI,MNHEY,SVGEGT,ASSYMSGAAF,YVLDHLIVV
9880,NSASQS,VYSSG,VVNTDKLI,MNHEY,SVGAGI,ASSGSSGYEQY,LLWNGPMAV
437,YGGTVN,YFSGDPLV,AVNARRDDKII,SGHTA,FQGTGA,ASSLTGAPLDTQY,GILGFVFTL
4123,DSASNY,IRSNVGE,AASETSYDKVI,MNHNS,SASEGT,ASRPLGGEQY,RAKFKQLL
6833,SIFNT,LYKAGEL,AGQGTGTASKLT,LNHDA,SQIVND,ASSIERGGYEQY,SPRWYFYYL
4547,TISGNEY,GLKNN,IVRPFSNSGYALN,MGHRA,YSYEKL,ASSQDQGVTGNTIY,MEVTPSGTWL
9935,DRGSQS,IYSNGD,AVSSRGGNKLT,SNHLY,FYNNEI,ASTRIRQGLDEQY,LLAGIGTVPI
2749,TSDPSYG,QGSYDQQN,AMREFTSGTYKYI,MNHEY,SMNVEV,ASSLTLGLAGVETQY,CINGVCWTV
2980,DSAIYN,IQSSQRE,AGPDGGATNKLI,LGHNA,YSLEER,ASSPQRNTEAF,RPHERNGFTVL
2194,VSGNPY,YITGDNLV,AVRDLMDSSYKLI,MNHEY,SMNVEV,ASMTRLGDSNEKLF,RFPLTFGWCF
8314,NSASDY,IRSNMDK,AENGGGGSQGNLI,LNHDA,SQIVND,ASSIRADYEQY,GILGFVFTL
6684,SVFSS,VVTGGEV,AGLPESGYALN,DFQATT,SNEGSKA,SARAGLTTEAF,LLAGIGTVPI
7283,YGATPY,YFSGDTLV,AGRLVVGGGADALT,MNHNY,SVGAGI,ASSYQHEQY,VLFGLGFAI
7118,YGGTVN,YFSGDPLV,AVKDTNKLI,MNHNS,SASEGT,ASSGLRGSKETQY,YVLDHLIVV
1911,YGATPY,YFSGDTLV,AVGPLDTGGFKTI,MDHEN,SYDVKM,ASTRTGTVAYGYT,SPRWYFYYL
9471,DRGSQS,IYSNGD,AVNIRDSNYQLI,LGHDT,YNNKEL,ASSYSGGAGELF,RAKFKQLL
4498,TSDPSYG,QGSYDQQN,AMREGEAGGFKTI,SEHNR,FQNEAQ,ASSPLGGVNSPLH,RAKFKQLL
1394,ATGYPS,ATKADDK,ALGDDKII,SGHTA,FQGNSA,ASSLASEGFTEAF,NQKLIANQF
6991,NSASQS,VYSSG,VVNNEDDMR,SGHNS,FNNNVP,GSGIQNTGELF,YLQPRTFLL
2023,VSGNPY,YITGDNLV,AVRDSSSGNTGKLI,LNHDA,SQIVND,ASSIRSSYEQY,GILGFVFTL
2058,TTLSN,LVKSGEV,AGKSDGQKLL,MGHRA,YSYEKL,ASSQVPGTGYEQY,FTSDYYQLY
215,YSGSPE,HISR,APPPRGKST,GTSNPN,SVGIG,AWQVMNTGELF,YLQPRTFLL
7695,DSASNY,IRSNVGE,AASETSYDKVI,SEHNR,FQNEAQ,ASSLLGDPNSPLH,RAKFKQLL
11,ATGYPS,ATKADDK,ASFSGGYQKVT,SGDLS,YYNGEE,ASSVGDRGFLTEAF,VLEETSVML
1186,DSASNY,IRSNVGE,AAMETSYDKVI,SGDLS,YYNGEE,ASSVQGQGPTTGELF,RAKFKQLL
4300,SSVSVY,YLSGSTLV,AVSDGEGAPKLV,SGHTA,FQGTGA,ASSLTVLAGPNTEAF,RAKFKQLL
5348,ATGYPS,ATKADDK,ALSRAGGTSYGKLT,PRHDT,FYEKMQ,ASSSRQGAANEKLF,GILGFVFTL
9902,DSAIYN,IQSSQRE,AALDSGAGNMLT,MNHEY,SVGAGI,ASIAGLRAF,CINGVCWTV
7849,NSASDY,IRSNMDK,AEIRSTLT,LNHDA,SQIVND,ASSIRSAYEQY,GILGFVFTL
1561,DRGSQS,IYSNGD,AVPLGGGSQGNLI,LNHDA,SQIVND,ASSIRSNNEQF,GILGFVFTL
5541,DSSSTY,IFSNMDM,AVSGSYNTDKLI,DFQATT,SNEGSKA,SARDGLAGHYEQY,NLVPMVATV
5959,DSASNY,IRSNVGE,AASAGPIGFGNVLHCFGNVLH,KGHSH,LQKENI,ASSPGQRSYNEQF,TTDPSFLGRY
3430,DRGSQS,IYSNGD,AVTDDKII,LGHNA,YNFKEQ,ASSQEGRGAF,LLWNGPMAV
8324,DRGSQS,IYSNGD,AVNIPNDYKLSFG,DFQATT,SNEGSKA,SARENWDLSTDTQYFG,ELAGIGILTV
2397,DSASNY,IRSNVGE,AASETSYDKVI,MNHEY,SVGAGI,ASSPIPGLQPSEQAETQY,RAKFKQLL
6785,VSPFSN,MTFSENT,VVSIAGNNRKLI,SGHNS,FNNNVP,ASSPASGSLF,NLVPMVATV
9633,VSPFSN,MTFSENT,VGYTNAGKST,KGHSH,LQKENI,ASSPPGGGNTGELF,RAKFKQLL
646,TSDPSYG,QGSYDQQN,AMREGENNARLM,SQVTM,ANQGSEA,SVASLWGYT,HSNLNDATY
2042,SVFSS,VVTGGEV,AGGGSQGNLI,SGHDY,FNNNVP,ASGRLSYNEQF,GILGFVFTL
7584,TRDTTYY,RNSFDEQN,ALSEPPGKSSASKII,LNHDA,SQIVND,ASSTTSGGLNEQF,GILGFVFTL
8555,NSMFDY,ISSIKDK,AASFAGNTPLV,SQVTM,ANQGSEA,SGDRSSDTQY,NLVPMVATV
5905,SSNFYA,MTLNGDE,ARNTGNQFY,MNHEY,SVGAGI,ASSWKTGTGGTGYT,NLVPMVATV
10635,DRGSQS,IYSNGD,AVGGGSEKLV,MNHEY,SVGAGI,ASSPGLAVYEQY,TPRVTGGGAM
8126,TISGNEY,GLKNN,IVRVSGAGGTSYGKLT,LNHDA,SQIVND,ASSGRSGETQY,GILGFVFTL
1682,NSASDY,IRSNMDK,AETHSGGSNYKLT,LNHDA,SQIVND,ASSARSSYEQY,GILGFVFTL
8837,DSASNY,IRSNVGE,AAAFSTGRRALT,SGDLS,YYNGEE,ASSPTPRDTRSSYNEQF,SLFNTVATLY
1320,KALYS,LLKGGEQ,GTEVDQGNLI,LNHDA,SQIVND,ASSMFQGWNQPQH,GILGFVFTL
159,DSAIYN,IQSSQRE,AALFTGGGNKLT,MNHEY,SMNVEV,ASSLGIGTQPQH,LTDEMIAQY
8817,NYSPAY,IRENEKE,ALDILTGGGNKLT,SGHNT,YYREEE,ASSYLQGANGYT,GILGFVFTL
10702,STGYPT,ETMEN,VPRWLAGGGHKLT,SEHNR,FQNEAQ,ASSGQGAEAF,YAKWKLCSA
5360,NSAFQY,TYSSGN,AMGISNFGNEKLT,LNHDA,SQIVND,ASSMENNEQF,LLAGIGTVPI
3945,DSAIYN,IQSSQRE,AVKGNQAGTALI,LGHNA,YSLEER,ASSQDRSGGATDTQY,VYFLQSINF
6998,DSASNY,IRSNVGE,AATTLSSGTYKYI,LNHDA,SQIVND,ASHIGPNTGELF,NLVPMVATV
6931,DSAIYN,IQSSQRE,AVRILPNFGNEKLT,SGHNT,YYREEE,ASTSSESVDGYT,QAKWRLQTL
5614,NSMFDY,ISSIKDK,AASAGNQFY,MNHEY,SMNVEV,ASRPGQWYEQY,HSNLNDATY
8813,DRGSQS,IYSNGD,AVNKGSARQLT,LNHDA,SQIVND,ASNPGGGTETQY,PTDNYITTY
8771,YGATPY,YFSGDTLV,AVDPMDTGRRALT,SGHNS,FNNNVP,ASSFSGNTGELF,RAKFKQLL
8990,DRGSQS,IYSNGD,AVNAFYNQGGKLI,MNHNS,SASEGT,ASSETGTQPQH,YVLDHLIVV
6408,TSINN,IRSNERE,ATEGGSGYSTLT,SNHLY,FYNNEI,ASTEGTSGGRGTGELF,LLAGIGTVPI
3594,SSVSVY,YLSGSTLV,AVTLPSSGNTPLV,LNHDA,SQIVND,ASSQRSTDTQY,GILGFVFTL
10288,SSNFYA,MTLNGDE,ACSSSNTGKLI,SGHNS,FNNNVP,ASTPSGSTYEQY,RPPIFIRRL
5558,TSINN,IRSNERE,ATVPDAGGTRYGKLT,SGDLS,YYNGEE,ASSVSGAPYEQY,FLRGRAYGL
7978,SIFNT,LYKAGEL,AGQIILMNRDDKII,LNHDA,SQIVND,ASSIQGAGELF,GILGFVFTL
6977,TSESDYY,QEAYKQQN,AVYNTNAGKST,SNHLY,FYNNEI,ASTPEGSGSGNTIY,IPSINVHHY
729,DRGSQS,IYSNGD,AVNPQTTDSWGKLQ,MNHEY,SMNVEV,ASSLSYRGNQPQH,SPRWYFYYL
101,DSAIYN,IQSSQRE,AVLGGSEKLV,SGHDT,YYEEEE,ASSLWGAGAYEQY,RTATKQYNV
5051,SVFSS,VVTGGEV,AGGGSQGNLI,MNHEY,SMNVEV,ASSPHFQVDTGELF,GILGFVFTL
4803,VSGNPY,YITGDNLV,AVSSARQLT,SNHLY,FYNNEI,ASSGTVTSSSTDTQY,LTDEMIAQY
7212,SSVSVY,YLSGSTLV,GDEKLT,LNHDA,SHIVND,ASGRAGGPGNEQS,GILGFVFTL
6298,TRDTTYY,RNSFDEQN,ALELMDSSYKLI,SEHNR,FQNEAQ,ASSLRGTSAYNEQF,TPRVTGGGAM
6751,DSAIYN,IQSSQRE,AVNSVSGAGSYQLT,SGHDT,YYEEEE,ASSLVGFSPLH,QYIKWPWYI
4957,SVFSS,VVTGGEV,AGASMEYGNKLV,LGHNA,YSLEER,ASSQDGSGQGIYEQY,GILGFVFTL
8504,NSAFQY,TYSSGN,SNFGNEKLT,MNHNS,SASEGT,AGGPRLPRDYYGYT,LLAGIGTVPI
10293,DRGSQS,IYSNGD,AVNIGSNYQLI,MNHEY,SVGAGI,ASQTGAGYT,ALAGIGILTV
7446,SVFSS,VVTGGEV,AGAGSQGNLI,SEHNR,FQNEAQ,ASSLGDTEAF,GILGFVFTL
2567,DRGSQS,IYSNGD,AVNSVPWGWDPPQLT,MDHEN,SYDVKM,ASSRKTGANEQF,LLFGYPVYV
3769,TSESDYY,QEAYKQQN,AVYNTNAGKST,ENHRY,SYGVKD,ATSTGDSNQPQH,EPLPQGQLTAY
837,VTNFRS,LTSSGIE,AVSLYNTDKLI,SNHLY,FYNNEI,ASSELRYEQY,GILGFVFTL
1325,DRGSQS,IYSNGD,AVNEAGGYNKLI,MNHEY,SVGAGI,ASSYMGLGAYEQY,ELAGIGILTV
8276,DSASNY,IRSNVGE,AASMGSGGGADGLT,SNHLY,FYNNEI,ASSERQQTYNEQF,QYIKWPWYI
487,SSVSVY,YLSGSTLV,AVSPYNNNDMR,SGHNS,FNNNVP,ASRPLAAQETQY,RLPGVLPRA
9264,DRGSQS,IYSNGD,AVGANNLF,SGDLS,YYNGEE,ASSVSAQPDTQY,ELAGIGILTV
778,NSASDY,IRSNMDK,ADSGGGADGLT,SGDLS,YYNGEE,ASSAQRGTDTQY,RAKFKQLL
6420,TISGTDY,GLTSN,ILPLAGGTSYGKLT,MNHEY,SVGEGT,ASSQDPRTQGVQPQH,FLRGRAYGL
597,NSMFDY,ISSIKDK,ASNTGTASKLT,SEHNR,FQNEAQ,ASSLAVGEGPQH,RAKFKQLL
4450,TRDTTYY,RNSFDEQN,AQPTGTASKLT,SNHLY,FYNNEI,ASSGGSENTEAF,QYIKWPWYI
9337,KTLYG,LQKGGEE,GADENRGSTLGRLY,SGHTA,FQGTGA,ASSLMGLAGGGTDTQY,SPRWYFYYL
3121,SSVPPY,YTSAATLV,AVTPGDYKLS,MNHEY,SVGEGT,ASGSGSAGNQPQH,ATDALMTGF
94,TSESDYY,QEAYKQQN,AYEAGYQLT,LGHNA,YSLEER,ASSQDRGGLTGELF,RPPIFIRRL
10339,NYSPAY,IRENEKE,ALDSTYSSASKII,DFQATT,SNEGSKA,SARDRTGNGYT,GLCTLVAML
10715,ATGYPS,ATKADDK,SNFGNEKLT,SEHNR,FQNEAQ,ARSSPGGAQPQH,HSNLNDATY
891,DSAIYN,IQSSQRE,AVVTSGTYKYI,SGHRS,YFSETQ,ASSLEGQASSYEQY,CLGGLLTMV
3728,TRDTTYY,RNSFDEQN,ALENSGGSNYKLT,MNHEY,SVGAGI,ASSQTSFYGEQY,GILGFVFTL
8029,TSGFNG,NVLDGL,TTDSWGKFE,DFQATT,SNEGSKA,SAPTPGQGSSSPLH,GILGFVFTL
934,NSMFDY,ISSIKDK,AARIYNNDMR,SGHDY,FNNNVP,ASSPGGQPQH,VLEETSVML
9851,TTLSN,LVKSGEV,AGSPIYNQGGKLI,LGHNA,YSLEER,ASSQEWGINEKLF,GILGFVFTL
5009,TSDPSYG,QGSYDQQN,AMFDFRDDKII,LGHNA,YNFKEQ,ASSQSGGGIGNSPLH,DATYQRTRALVR
10215,NIATNDY,GYKTK,LVGDIPGGNQGGKLI,LGHNA,YNFKEQ,ASSQESGPWGEQF,CINGVCWTV
885,NSASQS,VYSSG,VVNGKDSSYKLI,SNHLY,FYNNEI,ASSEGQVLPGEQY,GLCTLVAML
8916,NSASQS,VYSSG,VVTPSNFGNEKLT,SGHDT,YYEEEE,ASSLAGLAGETQY,ELAGIGILTV
7349,NIATNDY,GYKTK,LLNQAGTALI,PRHDT,FYEKMQ,ASSPTGTNTEAF,CINGVCWTV
5674,DRGSQS,IYSNGD,AVNMDSTLT,LNHDA,SQIVND,ASSPLDRGTGELF,LLAGIGTVPI
7770,VGISA,LSSGK,AVSIEETSGSRLT,LNHDA,SQIVND,ASSPYHTNEQF,GILGFVFTL
3279,YGATPY,YFSGDTLV,AVAPLNSGNTPLV,MDHEN,SYDVKM,ASSFARTRWEQY,RPIIRPATL
5513,YGGTVN,YFSGDPLV,AVKNTDKLI,LGHDT,YNNKEL,ASSQATGYGYT,YVLDHLIVV
4725,YGATPY,YFSGDTLV,AVVRFSDGQKLL,SGDLS,YYNGEE,ASSVYPAPSDNSPLH,SPRWYFYYL
7507,NIATNDY,GYKTK,LVGDPFLTGRRALT,SGHTA,FQGNSA,ASSLRQGIGDTQY,SPRWYFYYL
3293,TSGFNG,NVLDGL,AVKEPWGGFKTI,GTSNPN,SVGIG,AWTNPISSDRGLGNTIY,YLQPRTFLL
260,DSAIYN,IQSSQRE,AANTGNQFY,SGHVS,FQNEAQ,ASSLMFTGVPQDTQY,NLVPMVATV
8483,VSGNPY,YITGDNLV,VLPREKDSSYKLI,LNHNV,YYDKDF,ATSRAQDNEQF,LPRWYFYYL
9052,DRGSQS,IYSNGD,AVNLNNAGNMLT,MNHEY,SMNVEV,ASTSPGTSRNNEQF,LLLDRLNQL
1962,DRGSQS,IYSNGD,AVNAVDSSYKLI,MNHEY,SMNVEV,ASSLSANGNQPQH,CLGGLLTMV
3353,NIATNDY,GYKTK,LIPGVSGNTPLV,LNHNV,YYDKDF,ATSVTGDPNTEAF,DATYQRTRALVR
1391,VSGLRG,LYSAGEE,AVHDNNNDMR,MGHRA,YSYEKL,ASSQDQGALGYT,GILGFVFTL
9914,TRDTTYY,RNSFDEQN,ALSDLRGNYQLI,LGHDT,YNNKEL,ASSQRSAGAYEQY,NQKLIANQF
10665,DSASNY,IRSNVGE,AASETSYDKVI,MGHRA,YSYEKL,ASSTSTGTGYGYT,RAKFKQLL
988,DRGSQS,IYSNGD,AVSSTDKLI,MDHEN,SYDVKM,ASIGGYGQPQH,LLWNGPMAV
4177,TSESDYY,QEAYKQQN,AYVQGAQKLV,MGHRA,YSYEKL,ASSQELKESYEQY,RPPIFIRRL
4588,TRDTTYY,RNSFDEQN,ALSEVQLMDSNYQLI,LNHDA,SQIVND,ASSIYSGQPQH,GILGFVFTL
3983,NSAFQY,TYSSGN,AMTKERGGYQKVT,KGHDR,SFDVKD,ATSDLVTSGDEQF,SPRWYFYYL
2099,SSVSVY,YLSGSTLV,AVTDGGSQGNLI,LNHDA,SQIVND,ASSARSSYEQY,GILGFVFTL
6992,DSASNY,IRSNVGE,AASTNSGYSTLT,LNHDA,SQIVND,ASSPGQGSYEQY,TPRVTGGGAM
2204,DRGSQS,IYSNGD,AVSFGNEKLTFG,MDHEN,SYDVKM,AEGQGFVGQPQHFG,ELAGIGILTV
8026,DRGSQS,IYSNGD,AVKASVTGRRALT,SNHLY,FYNNEI,ASSDPLRGINTDTQY,LLLDRLNQL
2324,NSMFDY,ISSIKDK,AASGGNDMR,SEHNR,FQNEAQ,ASSFSSGPYNEQF,YAKWKLCSA
4036,DRGSQS,IYSNGD,AVPYRDDKII,MNHEY,SVGAGI,ASSYGTGMGHTIY,ALAGIGILTV
388,TTLSN,LVKSGEV,AGPRNAGNMLT,SQVTM,ANQGSEA,SVRGTLDSYNEQF,LTDEMIAQY
4042,DRGSQS,IYSNGD,AFSGYALN,MNHEY,SVGEGT,ASSYTGTGSQPQH,LLWNGPMAV
5024,NSASQS,VYSSG,VVHYNTDKLI,SNHLY,FYNNEI,ASSEAWGNGIY,CTELKLSDY
3720,ATGYPS,ATKADDK,ALSDSGFSDGQKLL,KGHDR,SFDVKD,ATSEGNEQF,NLVPMVATV
5512,KALYS,LLKGGEQ,GTEYPNDYKLS,MGHRA,YSYEKL,ASSQGQGISYEQY,GLCTLVAML
5631,TSINN,IRSNERE,ATDARNDYKLS,SGHAT,FQNNGV,ASSLDAGWFETQY,GILGFVFTL
9593,NSASQS,VYSSG,VVGRTDKLI,LNHNV,YYDKDF,ATSLGQAYGYT,LLWNGPMAV
5489,NSASQS,VYSSG,VVNGGDSSYKLI,SNHLY,FYNNEI,ASSEGQVSPGELF,GLCTLVAML
6496,TRDTTYY,RNSFDEQN,ALSEDGTGGFKTI,MNHNS,SASEGT,ASERRGLSGYT,TTDPSFLGRY
2110,YGATPY,YFSGDTLV,AVAPFGNEKLT,PRHDT,FYEKMQ,ASSTQSTVNIQY,ALSKGVHFV
10238,NSAFQY,TYSSGN,AMSEDG,SGHNS,FNNNVP,ASSPDGSTGELF,RAKFKQLL
7823,DSVNN,IPSGT,AVEPPSGSRLT,MNHEY,SVGAGI,ASSRGQGIAYEQY,CINGVCWTV
1972,TSENNYY,QEAYKQQN,AFMITGAGSYQLT,LNHDA,SQIVND,ASSLQEWDPNYGYT,CINGVCWTV
4063,KALYS,LLKGGEQ,GTEDGNNRLA,SGHVS,FQNEAQ,ASSLVSLGIDNEQF,KSKRTPMGF
7755,DSSSTY,IFSNMDM,AESLGGYNKLI,MNHEY,SVGAGI,ASTPGSEDTQY,TTDPSFLGRY
9362,VSGLRG,LYSAGEE,AVDRGMDSNYQLI,MDHEN,SYDVKM,ASSFLFRDGTYEQY,QMMVKAGL
7509,NSAFQY,TYSSGN,AMSRPNFGNEKLT,SGHDN,FVKESK,ASSQFTSVGEVPEAF,LLAGIGTVPI
4998,TSENNYY,QEAYKQQN,AYIIIQGAQKLV,MNHEY,SMNVEV,ASSLSAVHGYT,NLVPMVATV
9973,TSINN,IRSNERE,ATEGNSGYSTLT,MNHEY,SVGAGI,ASSQQGGRYGYT,FLYALALLL
3418,DSSSTY,IFSNMDM,AESPSSGNTPLV,MGHDK,SYGVNS,ASAGPGQVYEQY,GLCTLVAML
8722,TRDTTYY,RNSFDEQN,ALGLFSGGYNKLI,MGHRA,YSYEKL,ASSHRTGGETQY,HPNGYKSLSTL
1288,DRGSQS,IYSNGD,AFSNSNSGYALN,SGHRS,YFSETQ,ASSFGLGENTEAF,RAKFKQLL
7489,TSGFNG,NVLDGL,APFSGGYQKVT,MNHEY,SVGAGI,ATWDSDTGELF,TTDPSFLGRY
9713,DRGSQS,IYSNGD,APYSGNTPLV,KGHDR,SFDVKD,ATSEQGQSLTTYNEQF,ELAGIGILTV
2852,NSASQS,VYSSG,VVADSKLT,SQVTM,ANQGSEA,SVTGERGTDTQY,LLWNGPMAV
4565,VSGNPY,YITGDNLV,AVRDPETKTSYDKVI,SGHNS,FNNNVP,ASSLRFGQPQH,HSNLNDATY
6938,TISGTDY,GLTSN,ILREFYNDMR,LNHDA,SQIVND,ASSARSSYEQY,GILGFVFTL
1467,DSASNY,IRSNVGE,AASETSYDKVI,SEHNR,FQNEAQ,ASSVTGPGDNEQF,RAKFKQLL
6301,DSASNY,IRSNVGE,AGGETSYDKVI,SGHNS,FNNNVP,ASSFTGGRTGELF,RAKFKQLL
1683,TSINN,IRSNERE,ATVARGDSSYKLI,SEHNR,FQNEAQ,ASSLIGESVRNEQF,TPRVTGGGAM
1424,DSASNY,IRSNVGE,AASTDGGTSYGKLT,SGHTA,FQGNSA,ASSLTRRTLQETQY,RAKFKQLL
1382,SVFSS,VVTGGEV,AGVPDTGNQFY,LGHNA,YNFKEQ,ASSQESVSYNEQF,LLWNGPMAV
4762,NSASQS,VYSSG,VVNRDDKII,LGHNA,YSLEER,ASSQVISVLSYNEQF,YSEHPTFTSQY
3519,ATGYPS,ATKADDK,ALPSGGYQKVT,MNHEY,SMNVEV,ASSFGQGAEKLF,GILGFVFTL
9448,DSSSTY,IFSNMDM,AESMGGGSQGNLI,LNHDA,SQIVND,ASSNRAGVEQY,GILGFVFTL
544,NIATNDY,GYKTK,LVGDRRTGGFKTI,SGHVS,FNYEAQ,ASSTEVAADGELF,CINGVCWTV
9023,TSGFYG,NALDGL,AVPPMDSSYKLI,MDHEN,SYDVKM,ASRRLAEGGQEQF,YVLDHLIVV
695,DRGSQS,IYSNGD,AVSGGGADGLT,MDHEN,SYDVKM,ASSFLGTGVEQY,ALGIGILTV
6749,NYSPAY,IRENEKE,DLGRPNAGKST,KGHDR,SFDVKD,ATSDSPTDTQY,RAQAPPPSW
96,TSGFNG,NVLDGL,AVRDSNYQLI,MRHNA,SNTAGT,ASSDSTSGGRDTQY,GILGFVFTL
7367,TISGNEY,GLKNN,IAQGAQKLV,DFQATT,SNEGSKA,SASASLTSGANVLT,VLFGLGFAI
5252,TSESDYY,QEAYKQQN,AYGDNDMR,LNHNV,YYDKDF,ATSRDPTGLNTEAF,KLWAQCVQL
10828,SSVSVY,YLSGSTLV,AVSDRSNAGNMLT,SGHRS,YFSETQ,ASSLGVLQGDEQY,YVLDHLIVV
9551,NSASQS,VYSSG,ALNQGGKLI,MDHEN,SYDVKM,ASTGFGTGELF,LLAGIGTVPI
9808,TSESDYY,QEAYKQQN,NNNAGNMLT,MNHEY,SMNVEV,ASSFPGQGNTQY,RAQAPPPSW
6161,TSINN,IRSNERE,ATDAPSNYQLI,SNHLY,FYNNEI,ASSSSGRDYEQY,NLVPMVATV
1494,DRGSQS,IYSNGD,AVDNYGQNFV,LGHNA,YNFKEQ,ASSQEASGGYEQY,GILGFVFTL
3026,YSGSPE,HISR,ALSGFSNDYKLS,LNHDA,SQIVND,ASSLSHRRTGDNYGYT,FLASKIGRLV
454,NSAFQY,TYSSGN,AMCLSNFGNEKLT,DFQATT,SNEGSKA,SAREGSQGAKTGELF,LLAGIGTVPI
3337,DRGSQS,IYSNGD,AVNSGNQFY,MDHEN,SYDVKM,ASSFGLGTEAF,EAAGIGILTV
9075,VSGNPY,YITGDNLV,RDGTGANNL,LNHDA,SQIVND,GTGSIDTQ,GILGFVFTL
9832,SVFSS,VVTGGEV,AGAKGAQKLV,SQVTM,ANQGSEA,SVGSGDYEQY,RAKFKQLL
4707,TSGFNG,NVLDGL,AVRDDSNYQLI,MDHEN,SYDVKM,ASTAQGFSNQPQH,RPIIRPATL
4489,TISGNEY,GLKNN,IVREWDNDMR,SGHVS,FQNEAQ,ASSPRTGNSGANVLT,RAKFKQLL
4231,TRDTTYY,RNSFDEQN,ALSEERGSQGNLI,SGHDT,YYEEEE,ASSLRDGSEAF,RAKFKQLL
6210,TSINN,IRSNERE,ATDAKGLNTGFQKLV,MGHRA,YSYEKL,ASSQDLGTASYNEQF,SPRWYFYYL
4925,DRGSQS,IYSNGD,AVRPDKLI,LGHNA,YNFKEQ,ASSPENSNQPQH,LLWNGPMAV
578,NSASQS,VYSSG,VVGLFSGTYKYI,MNHEY,SVGEGT,ASSYSIRTEAF,TPRVTGGGAM
1208,TSDPSYG,QGSYDQQN,TTDSWGKFE,SEHNR,FQNEAQ,ASSLGREETQY,RPIIRPATL
7794,DRGSQS,IYSNGD,AVRDYGGSQGNLI,MNHNY,SVGAGI,ASAPGLAGNEQF,RAKFKQLL
3786,NSAFQY,TYSSGN,ALRSNYQLI,GTSNPN,SVGIG,AWGLAGGPIEQF,LTDEMIAQY
3235,TSESDYY,QEAYKQQN,AYRGGLQGAQKLV,PRHDT,FYEKMQ,ASSRGLSSGNTIY,GILGFVFTL
9209,NIATNDY,GYKTK,LVGDRGSTLGRLY,LGHNA,YNFKEQ,ASSQSGTGPYEQY,SPRWYFYYL
4969,ATGYPS,ATKADDK,ALAPEEYGNKLV,KGHSH,LQKENI,ASSETGSVYEQY,GILGFVFTL
5902,TISGNEY,GLKNN,IVSDIQGAQKLV,MGHRA,YSYEKL,ASSQVGTVYGYT,NLVPMVATV
8086,DRGSQS,IYSNGD,AVNLAGGTSYGKLT,MNHEY,SMNVEV,ASSFAPGNTIY,ELAGIGILTV
1987,TRDTTYY,RNSFDEQN,ALSSAGDDKII,DFQATT,SNEGSKA,SAIDRVDVYEQY,PTDNYITTY
5708,NTAFDY,IRPDVSE,NTNAGKST,SGHNS,FNNNVP,ASSLGDSPLH,LLAGIGTVPI
405,TSDPSYG,QGSYDQQN,ARDQRGYQKVT,DFQATT,SNEGSKA,SARDDRALNTGELF,YLQPRTFLL
9328,DRGSQS,IYSNGD,AVKNNDMR,MNHEY,SMNVEV,ASSLGQGFAGELF,ELAGIGILTV
4514,TSESDYY,QEAYKQQN,AYRNLNSGGYQKVT,SNHLY,FYNNEI,ASSESGRNWDEQF,CINGVCWTV
6199,TTLSN,LVKSGEV,AGQGAQKLV,PRHDT,FYEKMQ,ASSPGLGLDTQY,GILGFVFTL
8385,TRDTTYY,RNSFDEQN,ALSEAGYSGAGSYQLT,LGHDT,YNNKEL,ASSRRQGPYNEQF,QAKWRLQTL
10045,ATGYPS,ATKADDK,DTGRRALT,SGHNS,FNNNVP,ASSPPGRNEKLF,RAKFKQLL
295,TSDPSYG,QGSYDQQN,AMRAPRTGASHLF,MGHRA,YSYEKL,ASSQAPGQRTGELF,RAKFKQLL
3832,SSVSVY,YLSGSTLV,AVSEGNYQLI,ENHRY,SYGVKD,AISDSTIGNTEAF,ATDALMTGF
4269,NSAFQY,TYSSGN,AMSARRLQNY,SGDLS,YYNGEE,ASSVEGLAGSPSGGELF,EPLPQGQLTAY
2711,DSAIYN,IQSSQRE,AVLNNAGNMLT,LGHNA,YSLEER,ASSQDFLSNQPQH,ELAGIGILTV
9380,DRGSQS,IYSNGD,AVNEDDKII,SEHNR,FQNEAQ,ASSSDISAF,YLQPRTFLL
3164,TSESDYY,QEAYKQQN,AYSYGGSQGNLI,DFQATT,SNEGSKA,SASHPGDSPLH,RTATKAYNV
3875,DSSSTY,IFSNMDM,AESEGPTYTDKLI,LGHNA,YNFKEQ,ASSQRPSEVGELF,RAKFKQLL
3058,TISGNEY,GLKNN,IVRVGPADNYGQNFV,LGHDT,YNNKEL,ASSPRREQGDTQY,QMMVKAGL
6460,DSASNY,IRSNVGE,AVVPGNTGKLI,LGHNA,YNFKEQ,ASSQRPSEVGELF,RAKFKQLL
9836,VGISA,LSSGK,AALNTDKLI,MNHEY,SMNVEV,ASSLWGGTEAF,GILGFVFTL
4469,NYSPAY,IRENEKE,ALGGNNRLA,GTSNPN,SVGIG,AIDRVGTGELF,NLVPMVATV
6852,NSMFDY,ISSIKDK,AASPTSGTYKYI,LNHNV,YYDKDF,ATSRDRTPLGGYT,VSDGGPNLY
7194,TSDPSYG,QGSYDQQN,AMREGGGTSYGKLT,SGHTA,FQGNSA,ASSLAGTSGYTYEQY,RPIIRPATL
6243,DRGSQS,IYSNGD,AATNQFY,LNHDA,SQIVND,ASSIRSSYEQY,GILGFVFTL
4683,TISGNEY,GLKNN,IVRETNNDMR,SEHNR,FQNEAQ,ASSSLSGGAGNEQF,RAKFKQLL
8151,DSASNY,IRSNVGE,AARPEPTSTGTALI,SNHLY,FYNNEI,ASSEGQGYEQY,NYNYLYRLF
6885,SVFSS,VVTGGEV,AGGLGGGSQGNLI,LNHDA,SQIVND,ASSIRAAYEQY,GILGFVFTL
3946,TSDPSYG,QGSYDQQN,AMRTRNAGNMLT,MNHNY,SVGAGI,ASRGSFSDTQY,TTDPSFLGRY
10294,DSSSTY,IFSNMDM,AGGHTPLV,LGHDT,YNNKEL,ASSLTDLYGYT,LTDEMIAQY
1281,TSGFNG,NVLDGL,AVNDGATNKLI,SNHLY,FYNNEI,ARAFESGANVLT,RPIIRPATL
892,NSASQS,VYSSG,VVNIYNDMR,SNHLY,FYNNEI,ASSDIDSGELF,YLQPRTFLL
7032,NSASDY,IRSNMDK,AENLGGGSQGNLI,LNHDA,SQIVND,ASSGRSGNTIY,GILGFVFTL
6698,TSGFNG,NVLDGL,APISYSGAGSYQLT,SGDLS,YYNGEE,ASSGGGTNSPLH,TTDPSFLGRY
7645,TSDPSYG,QGSYDQQN,AMRGGGSNYKLT,LNHDA,SQIVND,ASSSIPDFNTEAF,RPIIRPATL
9833,VSGNPY,YITGDNLV,AVSDRSNDYKLS,SGDLS,YYNGEE,ASSVVEGFTDTQY,GILGFVFTL
6067,TRDTTYY,RNSFDEQN,ALSEPYGGSQGNLI,MDHEN,SYDVKM,ASSFRGGAYEQY,YAKWKLCSA
959,DSSSTY,IFSNMDM,AEKGGTALI,SQVTM,ANQGSEA,SVRGEGDEQY,GLCTLVAML
1940,YGATPY,YFSGDTLV,ASGNAGNMLT,MNHEY,SVGAGI,ASSPGTGAVFFYGYT,NLVPMVATV
5350,DSSSTY,IFSNMDM,AESKPDKLI,SGHDN,FVKESK,ASSQSPGGIQY,GLCTLVAML
3724,VTNFRS,LTSSGIE,NSGYSTLT,SEHNR,FQNEAQ,ASSLVGGNNSPLH,RAKFKQLL
2802,TSESDYY,QEAYKQQN,AYFQGAQKLV,SNHLY,FYNNEI,ASSELAGGDRTEAF,RPPIFIRRL
5068,TISGTDY,GLTSN,ILPLAGGTSYGKLT,SGHVS,FQNEAQ,ASCSGLAYEQY,FLRGRAYGL
6338,DRGSQS,IYSNGD,AVNRYSSASKII,LNHDA,SQIVND,ASSTGLAGLETQY,LLLDRLNQL
1069,ATGYPS,ATKADDK,ALSLGTYKYI,SGHNS,FNNNVP,ASSRSTGDTEAF,GILGFVFTL
7983,DRGSQS,IYSNGD,GTYNQGGKLI,MNHEY,SMNVEV,ASSGASHEQY,RFPLTFGWCF
6113,TISGTDY,GLTSN,ILPLAGGTSYGKLT,SGHRS,YFSETQ,ASSLPFGIEPQH,FLRGRAYGL
2253,NIATNDY,GYKTK,LVGKSPTGANNLF,MDHEN,SYDVKM,ASSLLQGRTDTQY,CINGVCWTV
7644,NSAFQY,TYSSGN,APAGSYIPT,MGHDK,SYGVNS,ASSGQLNTEAF,GILGFVFTL
4447,SSVSVY,YLSGSTLV,ALSGVGGFGNEKLT,LNHDA,SQIVND,ASSIRASGVEQF,GILGFVFTL
5992,DSASNY,IRSNVGE,AASIRDPTTSGTYKYI,LNHDA,SQIVND,ASSIFGGSYNEQF,GILGFVFTL
6909,TSINN,IRSNERE,ATDADDKII,SGHNS,FNNNVP,ASSLAAGGSYGYT,TTDPSFLGRY
7377,NSASQS,VYSSG,VVNAEKNSGNTGKLI,LNHDA,SQIVND,ASSIYGSDEQF,GILGFVFTL
6613,ATGYPS,ATKADDK,ALRGGKTSYDKVI,MNHEY,SVGEGT,ATSRLAGGYNEQF,SPRWYFYYL
10543,NTAFDY,IRPDVSE,AATLEETSGSRLT,LNHDA,SQIVND,ASSIYSNSNQPQH,GILGFVFTL
2611,SIFNT,LYKAGEL,AGHHYGGSQGNLI,SGHVS,FQNEAQ,ASTPGGAGDEQY,DATYQRTRALVR
5552,TRDTTYY,RNSFDEQN,ALQRGTYKYI,SGHTA,FQGTGA,ASSLGTSGGTGELF,RAKFKQLL
8561,ATGYPS,ATKADDK,ALSGNTDKLI,MDHEN,SYDVKM,ASSLAGGIVDEQF,TTDPSFLGRY
5369,DRGSQS,IYSNGD,SNDYKLS,MGHRA,YSYEKL,ARRHGQGENTEAF,RAKFKQLL
10821,SVFSS,VVTGGEV,AGATGGSQGNLI,LNHDA,SQIVND,ASSIRADSPLH,GILGFVFTL
6197,TSINN,IRSNERE,ATDANDYKLS,SEHNR,FQNEAQ,ASSLGEGGTGELF,GIIYIIYKL
3522,ATGYPS,ATKADDK,ALHDYKLS,MNHEY,SVGAGI,ASSSTGAGELF,GILGFVFTL
8712,TSENNYY,QEAYKQQN,AYSQTAGGTSYGKLT,LNHDA,SQIVND,ASSIGLAGYT,GILGFVFTL
9124,YSGSPE,HISR,ALVGTNQAGTALI,SNHLY,FYNNEI,ASSPKGAGADYGYT,YLQPRTFLL
7751,TSESDYY,QEAYKQQN,AYRSAVTYDMR,MNHEY,SMNVEV,ASSLYGNQPQH,HPNGYKSLSTL
2418,TSGFNG,NVLDGL,AVRGLIKAAGNKLT,MDHEN,SYDVKM,ASSFAVRSLGGGRWADTQY,GILGFVFTL
10871,DRGSQS,IYSNGD,IVSPEYGNKLV,SGDLS,YYNGEE,ASSPGLAYEQY,LLWNGPMAV
3255,NIATNDY,GYKTK,LVGNTGGFKTI,SQVTM,ANQGSEA,SVPDRGNTEAF,SPRWYFYYL
2311,DRGSQS,IYSNGD,AVISGGFKTI,KGHSH,LQKENI,ASSPPEKANYGYT,LLLDRLNQL
6793,NSASQS,VYSSG,VVNRFANTNAGKST,LNHDA,SQIVND,ASSIVVPAEAF,GILGFVFTL
2610,DRGSQS,IYSNGD,TTDSWGKFE,MNHEY,SVGAGI,ASRPGWMAGGVELY,ELAGIGILTV
8182,NSAFQY,TYSSGN,SNFGNEKLT,MDHEN,SYDVKM,ASVGDTPY,LLAGIGTVPI
5459,SSVPPY,YTSAATLV,AVSPGSFGNEKLT,SGHDY,FNNNVP,ASGRLSYNEQF,RAKFKQLL
7967,SIFNT,LYKAGEL,AGQVNGGSQGNLI,LNHDA,SQIVND,ASSTYSIDTQY,GILGFVFTL
5485,SSNFYA,MTLNGDE,ASAGSGNTGKLI,LNHDA,SQIVND,ASSIRSAWEQF,GILGFVFTL
558,TSENNYY,QEAYKQQN,AFMSLYGGSQGNLI,MNHEY,SMNVEV,ASSYPYRGLLAGSGNTIY,ATDALMTGF
1684,NSASQS,VYSSG,VVGLDNYGQNFV,DFQATT,SNEGSKA,SAQGDTGELF,VSDGGPNLY
5808,TSESDYY,QEAYKQQN,AYRTPYGGSQGNLI,DFQATT,SNEGSKA,SARSVDSSNQPQH,ATDALMTGF
7729,NIATNDY,GYKTK,LVGDSIPGAGSYQLT,MGHRA,YSYEKL,ASSLHSDRRNIQY,SPRWYFYYL
5934,DSASNY,IRSNVGE,AASETSYDKVI,SEHNR,FQNEAQ,ASSSLGGGNTEAF,RAKFKQLL
7126,DRGSQS,IYSNGD,AVGGYGQNFV,MDHEN,SYDVKM,ASSFTSGGLYEQY,LLAGIGTVPI
1197,ATGYPS,ATKADDK,AREHMDSNYQLI,LGHNA,YNFKEQ,ASSQRPSEVGELF,RAKFKQLL
3557,DRGSQS,IYSNGD,TTDSWGKFE,SNHLY,FYNNEI,ASRPQTGTTYEQY,LLAGIGTVPI
4017,TRDTTYY,RNSFDEQN,ALSENTGTASKLT,SGHRS,YFSETQ,ASSFLDRVFGGELF,GILGFVFTL
4044,NSAFQY,TYSSGN,AMTISNFGNEKLT,SNHLY,FYNNEI,ASSPTRDPQREGSEQY,LLAGIGTVPI
8668,DRGSQS,IYSNGD,AVNDNDMR,MNHEY,SVGAGI,ASSSALAYEQY,LLWNGPMAV
106,DRGSQS,IYSNGD,AFSNTGNQFY,LNHDA,SQIVND,ASSRRSSGELF,ELAGIGILTV
7859,DRGSQS,IYSNGD,AVKRSNFGNEKLT,MNHEY,SVGAGI,ASSYTPVSMNTEAF,ELAGIGILTV
5632,TRDTTYY,RNSFDEQN,ALSDVGMNRDDKII,MGHRA,YSYEKL,ASSQGLGREGASEQF,NLVPMVATV
9863,SSVPPY,YTSAATLV,AVSDYNFNKFY,SGHNS,FNNNVP,ASSFSGNTGELF,RAKFKQLL
360,TTLSN,LVKSGEV,AGQYSGAGSYQLT,LNHDA,SQIVND,ASSGFLYSPLH,GILGFVFTL
5059,DSASNY,IRSNVGE,ASLETSYDKVI,SGHNT,YYREEE,ASSPTDRGNTGELF,NLVPMVATV
2568,NTAFDY,IRPDVSE,AASDYYGGSQGNLI,MGHDK,SYGVNS,ASSEYGVGTLNEQF,LLAGIGTVPI
9054,YGGTVN,YFSGDPLV,AVNALDKLI,MRHNA,SNTAGT,ASSEAFLADNEQF,YVLDHLIVV
2265,DSASNY,IRSNVGE,AAMETSYDKVI,KGHDR,SFDVKD,ATRDHRDGTGELF,RAKFKQLL
3603,ATGYPS,ATKADDK,ALSVVGGGSNYKLT,SGHTA,FQGTGA,ASSSYPWDSTYNEQF,GILGFVFTL
9164,SSNFYA,MTLNGDE,AFDYGGSQGNLI,SGHDN,FVKESK,ASSPTGGGSPLH,GILGFVFTL
7229,TSDPSYG,QGSYDQQN,AMRVGMDSSYKLI,SEHNR,FQNEAQ,ASSTHDLQGPSSPLH,TPRVTGGGAM
6286,VSPFSN,MTFSENT,VVSDPRDGNVLHCFGNVLH,MNHNS,SASEGT,ASSQWTGSQPQH,GLCTLVAML
7477,TTSDR,LLSNGAV,AVDKDGGATNKLI,SQVTM,ANQGSEA,SDGQAF,NLVPMVATV
133,NSASQS,VYSSG,VVNSLEDSNYQLI,SGHRS,YFSETQ,ASSVGQGYEQY,NYNYLYRLF
7999,NSAFQY,TYSSGN,AMSISNFGNEKLT,KGHDR,SFDVKD,ATSDFRPGPRVSGELF,LLAGIGTVPI
6650,DSVNN,IPSGT,AVDAGGTSYGKLT,LNHDA,SQIVND,ASSIYSSYEQY,GILGFVFTL
1214,TTQYPS,AMKANDK,TTSGTYKYI,MNHNS,SASEGT,ASTPDINTEAF,GLCTLVAML
5357,ATGYPS,ATKADDK,ALTRNNAGNMLT,MNHEY,SMNVEV,ASSSLTSGAHNEQF,SPRWYFYYL
1975,DSVNN,IPSGT,AVKPGTASKLT,LGHNA,YSLEER,ASSQDLTSEAF,GILGFVFTL
4608,TSENNYY,QEAYKQQN,AFMKGAGGTSYGKLT,LNHDA,SQIVND,ASSIGSHGYT,GILGFVFTL
5970,DSSSTY,IFSNMDM,TTDSWGKFE,MGHRA,YSYEKL,ASSQNQDMGTEAF,GLCTLVAML
9948,DRGSQS,IYSNGD,AVTLTGGGNKLT,LGHDT,YNNKEL,ASSQGSGGSQPQH,LLAGIGTVPI
2410,SSNFYA,MTLNGDE,AFMPGNQFY,LNHDA,SQIVND,ASSI,RPIIRPATL
8422,TISGNEY,GLKNN,IVEENAGNMLT,SEHNR,FQNEAQ,ASSSPGGFGYNSPLH,FLASKIGRLV
1637,DRGSQS,IYSNGD,AVQTGANSKLT,MNHEY,SMNVEV,ASSLMGPGALF,HSNLNDATY
8538,ATGYPS,ATKADDK,ALYNTDKLI,LGHDT,YNNKEL,ASSPTSGSVYEQY,GLCTLVAML
1072,DRGSQS,IYSNGD,AVNGDKII,SGHTA,FQGNSA,ASSPAPAYEQY,LLWNGPMAV
9587,KALYS,LLKGGEQ,GTVSMEYGNKLV,SEHNR,FQNEAQ,ASSLVGVGNTEAF,GILGFVFTL
1047,TRDTTYY,RNSFDEQN,ALTPLIIQGAQKLV,MDHEN,SYDVKM,ASSLTGGDTQY,LLFGYPVYV
2925,NSASDY,IRSNMDK,AEETSGSRLT,SGHNT,YENEEA,ASSLGQPQF,LLAGIGTVPI
4440,DRGSQS,IYSNGD,AVTGYSTLT,MNHNS,SASEGT,ASSGQGAYEQY,LLWNGPMAV
2004,DSSSTY,IFSNMDM,AETPIGSSNTGKLI,MGHDK,SYGVNS,ASSVRYEQY,QMMVKAGL
2021,SVFSS,VVTGGEV,AGGGSQGNLI,LNHDA,SQIVND,ARGGGGSYERY,GILGFVFTL
10079,NSMFDY,ISSIKDK,AASSSSGTYKYI,LGHNA,YSLEER,ASSQDPNSPALNYGYT,VSDGGPNLY
709,YGATPY,YFSGDTLV,AVGVRGGGNKLT,MNHEY,SVGAGI,ASSVTGPPREDGYT,RPHERNGFTVL
5789,DRGSQS,IYSNGD,AVNSGNQFY,SGHNS,FNNNVP,ASSLGDVDEY,EAAGIGILTV
5341,NIATNDY,GYKTK,LVVGFNKFY,SGHTA,FQGNSA,ASSPSSREQY,SPRWYFYYL
10718,TTLSN,LVKSGEV,AGLVLSGTYKYI,SGHAT,FQNNGV,ASSLVAGTGGVEYEQY,CINGVCWTV
664,DSASNY,IRSNVGE,AATYTGNQFY,SGHAT,FQNNGV,ASSLGRTNQPQH,GILGFVFTL
7738,TISGTDY,GLTSN,ILSRGSTLGRLY,MNHEY,SMNVEV,ASSLWMNTEAF,GILGFVFTL
8189,DRGSQS,IYSNGD,ASSWGGYSTLT,DFQATT,SNEGSKA,SARVETSGIHEQY,ELAGIGILTV
62,NSASQS,VYSSG,VGPRAGGFQTI,MRHNA,SNTAGT,ASSEAFLADNEQF,YVLDHLIVV
7100,VSGNPY,YITGDNLV,AKNEGGGSQGNLI,LNHDA,SQIVND,ASSFRAGNEQF,GILGFVFTL
7096,NSASQS,VYSSG,VVKVGYSTLT,SGHNT,YYREEE,ASSWDTDSPLH,GILGFVFTL
7972,TSINN,IRSNERE,ATEGGSGYSTLT,MNHNS,SASEGT,ASSRQGGNYGYT,FLYALALLL
1709,YGATPY,YFSGDTLV,AVGRMDSSYKLI,SGHDT,YYEEEE,ASSLRDGSEAF,RAKFKQLL
8286,TRDTTYY,RNSFDEQN,ALSEAKDEGSEKLV,MGHRA,YSYEKL,ASSLSLHGNQPQH,GLCTLVAML
2012,VSNAYN,GSKP,AVELRMDSSYKLI,SEHNR,FQNEAQ,ASSLRGERAGGYNEQF,TPRVTGGGAM
4325,DSSSTY,IFSNMDM,AEEGSQGNLI,LNHDA,SQIVND,ASSPRSNIEQF,GILGFVFTL
2390,DSAIYN,IQSSQRE,AVINSGYSTLT,PRHDT,FYEKMQ,ASSPTPSGQGTADTQY,YLQPRTFLL
9618,NSMFDY,ISSIKDK,AATFPPIGFGNVLHCFGNVLH,SGHVS,FQNEAQ,ASSLAPHTSPMAYEQY,NQKLIANQF
10255,DRGSQS,IYSNGD,AVTNTGNQFY,SNHLY,FYNNEI,ASTEGQGPAQH,LLAGIGTVPI
10626,YGATPY,YFSGDTLV,AVVLNDYKLS,SGHNS,FNNNVP,ASRGPGELF,ALAGIGILTV
4782,SSNFYA,MTLNGDE,ALANYGGSQGNLI,SGDLS,YYNGEE,ASSEEDGPQH,CTELKLSDY
9859,NSAFQY,TYSSGN,AMSLSNFGNEKLT,SGHTA,FQGNSA,ASSLGDRDYGYT,LLAGIGTVPI
6357,VSGNPY,YITGDNLV,AVRALYNFNKFY,SGHTA,FQGNSA,ASSSLAGEVNEQF,QYIKWPWYI
7938,DSSSTY,IFSNMDM,AELSYTGRRALT,SGHTS,YDEGEE,ASGEAAYEQY,ALSKGVHFV
1175,ATGYPS,ATKADDK,ALRETSYDKVI,KGHSH,LQKENI,ASSPRDRGGSNEKLF,RAKFKQLL
2974,NSASQS,VYSSG,VVRGFQKLV,LNHNV,YYDKDF,ATSPHQEGRTEAF,LTDEMIAQY
4658,NIATNDY,GYKTK,LVGDSYSSASKII,SGHRS,YFSETQ,ASSQGLAGEVYTGELF,NLVPMVATV
375,YGATPY,YFSGDTLV,AVGAPHTSGTYKYI,MGHRA,YSYEKL,ASSPSTGTGGIYEQY,RFPLTFGWCF
3249,STGYPT,ETMEN,LLDYSGAGSYQLT,MGHRA,YSYEKL,ASSQETGSYTIY,RPPIFIRRL
8601,NSMFDY,ISSIKDK,AAGGGTSYGKLT,DFQATT,SNEGSKA,SARDLGAVYQETQY,YLQPRTFLL
9026,SSVSVY,YLSGSTLV,AVSDYIIQGAQKLV,MNHEY,SMNVEV,ASRPGGHEGEKLF,RAKFKQLL
8168,YSGSPE,HISR,ALRGKQTGANNLF,MNHEY,SVGEGT,ASSGTGGSSNQPQH,CLGGLLTMV
382,DSASNY,IRSNVGE,AAMETSYDKVI,LGHDT,YNNKEL,ASSPPGQGHEQY,RAKFKQLL
9100,TRDTTYY,RNSFDEQN,ALSEASDRGSTLGRLY,LNHDA,SQIVND,ASSPHGGSNTEAF,GILGFVFTL
1887,TSENNYY,QEAYKQQN,AFMINAGGTSYGKLT,LNHDA,SQIVND,ASSIGAWGYT,GILGFVFTL
7840,NSASDY,IRSNMDK,AENGGGGADGLT,SQVTM,ANQGSEA,SVGSGDYEQY,RAKFKQLL
7711,DSVNN,IPSGT,GRGAQKLV,MGHDK,SYGVNS,ASSEYLGELF,LTDEMIAQY
4059,ATGYPS,ATKADDK,ALSDRNQGGKLI,LGHNA,YNFKEQ,ASSQGKDTQY,NLVPMVATV
10345,DSAIYN,IQSSQRE,AVFSGNTGKLI,SQVTM,ANQGSEA,SVESRANYGYT,TTDPSFLGRY
9503,ATGYPS,ATKADDK,ALSDREDHNDMR,SGDLS,YYNGEE,ASSPQGGGSYEQY,HPVTKYIM
4823,TSDPSYG,QGSYDQQN,ATRAIEGANNLF,MGHRA,YSYEKL,ASSLSSGGRGEQY,RAKFKQLL
857,YSGSPE,HISR,ALNQAGTALI,SGHNT,YYREEE,ASSPRGQSYEQY,GILGFVFTL
8283,ATGYPS,ATKADDK,ALAGSQGNLI,MNHEY,SMNVEV,ASSLGSGFDEQY,TTDPSFLGRY
10307,TTLSN,LVKSGEV,AGRSNTGKLI,MNHEY,SMNVEV,ASSPLTGSAERKETQY,SPRWYFYYL
10742,NSASQS,VYSSG,VVNGGDSSYKLI,LNHDA,SQIVND,ASSGFNEQF,YVLDHLIVV
3420,YGGTVN,YFSGDPLV,AVKDTDKLI,KGHDR,SFDVKD,ATSDFVYDEQF,YVLDHLIVV
4856,DSSSTY,IFSNMDM,AEDNNARLM,DFQATT,SNEGSKA,SARDRGIGNTIY,GLCTLVAML
3001,TISGTDY,GLTSN,ILRGDSGGGADGLT,MNHNS,SASEGT,ASSDDPGFGQPQH,GILGFVFTL
3545,SIFNT,LYKAGEL,AGQGYVQLT,LGHNA,YSLEER,ASSQLGRTGAF,YLQPRTFLL
4515,VSPFSN,MTFSENT,VVSARMDSSYKLI,SEHNR,FQNEAQ,ASSIMDRGPGELF,TPRVTGGGAM
7909,SVFSS,VVTGGEV,AGPDNYGQNFV,SSHAT,FNYEAQ,ASSLVVTSGFNEQF,GILGFVFTL
8850,ATGYPS,ATKADDK,APAANSGYSTLT,SGHVS,FQNEAQ,ASSSGQAYEQY,FLRGRAYGL
6585,YSGSPE,HISR,AYGNQFY,SGHAT,FQNNGV,ASSPLGQRNTGELF,RAKFKQLL
3694,VGISA,LSSGK,AVRIIYGNQFY,SGDLS,YYNGEE,ASSEGQGPTYEQY,VTEHDTLLY
172,TSINN,IRSNERE,LRNSGNTPLV,LNHDA,SQIVND,ASSTRSSYEQY,GILGFVFTL
2144,NSASQS,VYSSG,VVNGADSSYKLI,SNHLY,FYNNEI,ASSGGRVAPGELF,GLCTLVAML
9763,TRDTTYY,RNSFDEQN,ALSEAQGAGNMLT,SGDLS,YYNGEE,ASSATGGTDTQY,ALWEIQQVV
6471,YSGSPE,HISR,ALIKAGNNRKLI,SQVTM,ANQGSEA,SAGRDGTNEKLF,ALAGIGILTV
2700,DSAIYN,IQSSQRE,AVLPSNDYKLS,LNHDA,SQIVND,STDTQY,CTELKLSDY
8968,DRGSQS,IYSNGD,AVSGSSYKLI,MNHEY,SVGAGI,ASNPQGGNYGYT,FLYALALLL
10615,TRDTTYY,RNSFDEQN,ALSETLTSGTYKYI,SGDLS,YYNGEE,ASSVEVGTGDNEQF,NLVPMVATV
2369,NSASQS,VYSSG,VVDKTGANNLF,LGHNA,YNFKEQ,ASSHLGGPKETQY,LTDEMIAQY
9340,VSGLRG,LYSAGEE,AYGSGNTGKLI,MDHEN,SYDVKM,ASSLSSDSYEQY,PTDNYITTY
2387,TISGTDY,GLTSN,ILQPYNNAGNMLT,LNHDA,SQIVND,ASSFGSYGYT,GILGFVFTL
5096,TSINN,IRSNERE,ATGNTGKLI,MDHEN,SYDVKM,ASSPRVMTYEQY,CINGVCWTV
5852,DRGSQS,IYSNGD,AVRGLY,SEHNR,FQNEAQ,ASSLAVGEGPQH,RAKFKQLL
2211,DRGSQS,IYSNGD,AVPITGGGNKLT,MNHEY,SVGEGT,ASSYSSFGTDTQY,ELAGIGILTV
5283,TSENNYY,QEAYKQQN,AFMKTGVGTSYDKVI,SGHDN,FVKESK,ASSHPEGDVLT,DATYQRTRALVR
3286,TRDTTYY,RNSFDEQN,ALHRTPWAAGNKLT,SGHDY,FNNNVP,ASSPLSAGELF,RTATKQYNV
3511,SIFNT,LYKAGEL,AGQLDNTDKLI,SGHRS,YFSETQ,ASSLDLANPETQY,RAKFKQLL
7107,DSAIYN,IQSSQRE,AVLMDSNYQLI,SGHAT,FQNNGV,ASSLVVENTEAF,CLGGLLTMV
7799,NYSPAY,IRENEKE,ALLGISGGYQKVT,MGHRA,YSYEKL,ASSHASGQGDSYEQY,RFPLTFGWCF
3575,DSAIYN,IQSSQRE,AVNPSNTGKLI,LNHDA,SQIVND,ASSIGGRQQY,GILGFVFTL
10308,DSSSTY,IFSNMDM,AEYRRDSTLT,LNHDA,SQIVND,ASSIGVEGTQY,GILGFVFTL
3323,NSASQS,VYSSG,VVNNPNSGYALN,PRHDT,FYEKMQ,ASSPTGGGNTGELF,YLQPRTFLL
10212,TTLSN,LVKSGEV,ADFARLM,KGHSY,FQNENV,ASSQSTGDHGYT,FTSDYYQLY
3006,SSYSPS,YTSAATLV,VVRFTGGGNKLT,SGHTA,FQGNSA,ASSLGGAGETQY,GLCTLVAML
2757,NTAFDY,IRPDVSE,AAMNNTNAGKST,SGHTA,FQGNSA,ASSLFSSGQGNGYT,SPRWYFYYL
489,NSASDY,IRSNMDK,AEMETSYDKVI,SEHNR,FQNEAQ,ASSSLSGGARNEQF,RAKFKQLL
8436,DRGSQS,IYSNGD,AVPGDMR,MDHEN,SYDVKM,ASSFGTYGYT,ALAGIGILTV
10674,NSASDY,IRSNMDK,AENQRFSDGQKLL,SGHNS,FNNNVP,ASSAGLAGANTGELF,SPRWYFYYL
7787,DRGSQS,IYSNGD,AVIGLTGGGNKLT,MNHEY,SMNVEV,ASSFSFRERTAGYT,LLLDRLNQL
5851,DRGSQS,IYSNGD,AVDSGNTPLV,SGHAT,FQNNGV,ASSLDTLAGGQF,ELAGIGILTV
8604,NSASDY,IRSNMDK,AEKRTPAGTALI,LNHDA,SQIVND,ASNGGSSYNEQF,YVLDHLIVV
7264,NSAFQY,TYSSGN,AMSGDGGSQGNLI,LNHDA,SQIVND,ASSIRAAYEQY,GILGFVFTL
188,VSGNPY,YITGDNLV,AVRDGSSSASKII,MNHEY,SMNVEV,ASSYTGFLNTGELF,RFPLTFGWCF
8904,DSASNY,IRSNVGE,AAARMDSSYKLI,SQVTM,ANQGSEA,SAGGNTEAF,RAKFKQLL
8594,TRDTTYY,RNSFDEQN,ALSVFSGGGADGLT,DFQATT,SNEGSKA,SARWGGGTDTQY,RAKFKQLL
4022,TSGFNG,NVLDGL,AVREGTGANNLF,SGHNT,YYREEE,ASSDRDRGGNQPQH,RPIIRPATL
9631,TRDTTYY,RNSFDEQN,ALSKGAAGNKLT,SGDLS,YYNGEE,ASSADPSQGDGNYGYT,RAKFKQLL
9442,VSGNPY,YITGDNLV,AAPPSNTGKLI,LNHDA,SQIVND,ASSTRAADTQY,GILGFVFTL
2850,TISGTDY,GLTSN,ILGSNDYKLS,SQVTM,ANQGSEA,SPGTDLYEQY,GLCTLVAML
24,DSAIYN,IQSSQRE,AVSGYSTLT,SGHNS,FNNNVP,ASSQLGGISNQPQH,GILGFVFTL
7694,NSMFDY,ISSIKDK,AARTLQGGSEKLV,PRHDT,FYEKMQ,ASSLGGNQPQH,YLQPRTFLL
4843,YGGTVN,YFSGDPLV,AVLKPGTYKYI,MNHEY,SMNVEV,ASSLWGWGSYGYT,TTDPSFLGRY
9900,NSASDY,IRSNMDK,AEDMGGGSQGNLI,SGHAT,FQNNGV,ASSRDRGRHYNEQF,GILGFVFTL
8391,SVFSS,VVTGGEV,ANNSGGSNYKLT,SGHRS,YFSETQ,ASSLRRPYEQY,YLQPRTFLL
3162,NSASDY,IRSNMDK,AENSSLAGKST,MGHRA,YSYEKL,ASSQDRGGPGELF,RAKFKQLL
9369,SVFSS,VVTGGEV,AGGGSQGNLI,LGHDT,YNNKEL,ASSPLWVAGGRETQY,GILGFVFTL
10636,DSSSTY,IFSNMDM,AEDKEARLM,DFQATT,SNEGSKA,SARAGVGNTIY,GLCTLVAML
4744,NSAFQY,TYSSGN,AMSGSNFGHEKLT,SGHNS,FNNNVP,ASGGEGDDVSSGNTIY,LLAGIGTVPI
9945,DSVNN,IPSGT,AVAYWGYQKVT,SGHDT,YYEEEE,ASSLGQNTEAF,FLRGRAYGL
2130,NSASQS,VYSSG,VVNKRARLM,SQVTM,ANQGSEA,SAGQGPYEQY,RAKFKQLL
5878,DRGSQS,IYSNGD,ASDGSSNTGKLI,LNHDA,SQIVND,ASSSRSRETQY,GILGFVFTL
8242,TRDTTYY,RNSFDEQN,ALSPRPGRRALT,MNHEY,SVGAGI,ASSFGQNTGELF,ELAGIGILTV
7362,YGGTVN,YFSGDPLV,AVNELTGGFKTI,LGHDT,YNNKEL,ASRYRLGLCQPQH,RAKFKQLL
10686,TSINN,IRSNERE,ATDYGNNRLA,SEHNR,FQNEAQ,ARGDANTGELF,YLQPRTFLL
4340,NSAFQY,TYSSGN,AMSLSNFGNEKLT,SGDLS,YYNGEE,ASSVGGTGDHGYT,LLAGIGTVPI
3844,NSAFQY,TYSSGN,AMSAGYAGKST,MNHEY,SVGAGI,ASSRDVSNQPQH,VSDGGPNLY
9934,VTNFRS,LTSSGIE,AVLHAGKST,MNHEY,SMNVEV,ASSSLTGPSLAKNIQY,SPRWYFYYL
8248,SVFSS,VVTGGEV,AGANTNAGKST,LNHDA,SQIVND,ASSIRSEYEQY,GILGFVFTL
5574,TSESDYY,QEAYKQQN,AYRSPLMNYGGSQGNLI,MNHEY,SMNVEV,ASSLGTLETQY,MEVTPSGTWL
6102,SVFSS,VVTGGEV,AGGGQGGSQGNLI,SGHAT,FQNNGV,ASSLGVAGTNTGELF,GILGFVFTL
2318,DRGSQS,IYSNGD,AVKGGNQFY,SNHLY,FYNNEI,ASILREDTQY,LLLDRLNQL
7926,NSASDY,IRSNMDK,AEEETSYDKVI,SEHNR,FQNEAQ,ASSLLDGEDTEAF,RAKFKQLL
4156,DRGSQS,IYSNGD,AVNKGRETARQLT,LNHDA,SQIVND,ASSMTSGSYNEQF,LLLDRLNQL
9563,TSESDYY,QEAYKQQN,AYRADSNYQLI,MNHEY,SVGAGI,ASSYNVRDGDYGYT,GILGFVFTL
2501,SSNFYA,MTLNGDE,TTDSWGKFE,MGHDK,SYGVNS,ASKDLSGGEQY,RPPIFIRRL
4958,DSVNN,IPSGT,ALVPNRDDKII,LNHDA,SQIVND,ASTPLGAPYGYT,GILGFVFTL
1746,TSINN,IRSNERE,ALGSSSGSARQLT,MDHEN,SYDVKM,AINKESDSYEQY,PTDNYITTY
939,TTLSN,LVKSGEV,VASYGGSQGNLI,LNHDA,SHIVND,ASSTRSTSPGH,GILGFVFTL
9453,NSMFDY,ISSIKDK,AASGNTGNQFY,SGHDY,FNNNVP,ASSYNEQF,NLVPMVATV
10596,NSAFQY,TYSSGN,AMSGKTSGTYKYI,DFQATT,SNEGSKA,SASSLTSGGAPEQY,RAKFKQLL
8959,TRDTTYY,RNSFDEQN,ALSLYNQGGKLI,LNHDA,SQIVND,ASSIVTATEAF,GILGFVFTL
446,TRDTTYY,RNSFDEQN,ALRGSGAGSYQLT,MNHEY,SMNVEV,ASSYGQGITF,TTDPSFLGRY
9913,TSESDYY,QEAYKQQN,AYGQGAGGTSYGKLT,LNHDA,SQIVND,ASSIGWAGYT,GILGFVFTL
5147,NSASQS,VYSSG,VVNPPGNTPLV,SGHNS,FNNNVP,ASSFSGNTGELF,RAKFKQLL
6632,TSGFNG,NVLDGL,AVRDSNYQLI,MDHEN,SYDVKM,ASSFRDLSTDTQY,RPHERNGFTVL
2430,SVFSS,VVTGGEV,APAPDARLM,LNHDA,SQIVND,ASSGRAAGELF,GILGFVFTL
3819,DRGSQS,IYSNGD,ARST,SEHNR,FQNEAQ,ASSLIGISSYNEQF,TPRVTGGGAM
9168,DRGSQS,IYSNGD,ALGGNNRLAFG,SGHAT,FQNNGV,ASSLQSLLDEKLFFG,ELAGIGILTV
5559,NYSPAY,IRENEKE,SGNAGNMLT,MNHEY,SVGAGI,ASSYASLEKEAF,TTDPSFLGRY
8828,TRDTTYY,RNSFDEQN,ALLYARLM,LNHDA,SHIVND,ASSIRSSYEQY,GILGFVFTL
6587,YGATPY,YFSGDTLV,AVGAPSTSGTYKYI,LNHNV,YYDKDF,ATSRVTGGFYEQY,RFPLTFGWCF
6027,TSINN,IRSNERE,ATVNTNAGKST,LNHDA,SQIVND,ASSIYSNQPQH,GILGFVFTL
9556,TTLSN,LVKSGEV,AGRDSSYKLI,LNHDA,SQIVND,ASSGQGNQPQH,GILGFVFTL
3350,DSSSTY,IFSNMDM,AERGGYQKVT,SGDLS,YYNGEE,ASSASAGTANTGELF,CLGGLLTMV
1112,TSDPSYG,QGSYDQQN,AMRGEEGSQGNLI,MGHRA,YSYEKL,ASSPTLQGPLGETQY,GILGFVFTL
8247,TRDTTYY,RNSFDEQN,ALSNQGGKLI,LGHNA,YSLEER,ASSQERGGKWAYEQY,GILGFVFTL
3076,DRGSQS,IYSNGD,AVTGGFKTI,LNHDA,SQIVND,ASSIGGLGQPQH,ELAGIGILTV
8458,YGGTVN,YFSGDPLV,AVNGFSGGYNKLI,SGHDT,YYEEEE,ASSPGEARGEQF,YLQPRTFLL
8481,YGGTVN,YFSGDPLV,AINQGGKLI,MNHEY,SVGAGI,ASSSQGGFDGYT,FLYALALLL
6700,NSASDY,IRSNMDK,ADSGGGADGLT,MNHEY,SVGEGT,ASSYDASGLTYEQY,RAKFKQLL
6010,TSGFYG,NALDGL,AVRLEDNYGQNFV,SGHDT,YYEEEE,ASLLKLRDTSYEQY,YLQPRTFLL
10119,SIFNT,LYKAGEL,AGRNAGKST,SGHTA,FQGTGA,ASSLVVTGELF,LTDEMIAQY
194,TSESDYY,QEAYKQQN,AYRSDDRGKLI,SEHNR,FQNEAQ,ASSPGQGDHEQY,RAKFKQLL
6569,VSGLRG,LYSAGEE,AVRSEGGSNYKLT,SEHNR,FQNEAQ,ASSFPSRGANYGYT,DATYQRTRALVR
1715,TSDPSYG,QGSYDQQN,AMREGRDSSYKLI,SEHNR,FQNEAQ,ASSLLMGARYEQY,TPRVTGGGAM
5681,DSSSTY,IFSNMDM,AEGGNTGKLI,SGHNS,FNNNVP,ASSFPSGDGTQY,RAKFKQLL
10140,NSASQS,VYSSG,VGGLNTPLV,MNHNS,SASEGT,ASSDSGQIYEQY,ATDALMTGF
3145,DRGSQS,IYSNGD,ALNSGGYQKVT,MNHEY,SVGAGI,ASSFGQGSEQY,LLAGIGTVPI
2250,TTSDR,LLSNGAV,SYNTDKLI,MNHEY,SMNVEV,ASTTGYNSPLH,EAAGIGILTV
1280,DSAIYN,IQSSQRE,AVHSGYSTLT,SGHNT,YYREEE,ASSEDHRVTGNTIY,TTDPSFLGRY
9382,NIATNDY,GYKTK,LAEAPGRRALT,MNHEY,SMNVEV,ASSLRLAGGIQETQY,SPRWYFYYL
6883,DSAIYN,IQSSQRE,AVRGTGGFKTI,SGHTA,FQGNSA,ASSLTGQLETQY,ATDALMTGF
823,DRGSQS,IYSNGD,AGGDDKII,DFQATT,SNEGSKA,SASRTGLGQPQH,ELAGIGILTV
8744,NSAFQY,TYSSGN,AMEGGANNLF,LNHDA,SQIVND,ASTSVMTDSIYGYT,CTELKLSDY
10020,TSESDYY,QEAYKQQN,AYRTPLRDDKII,MDHEN,SYDVKM,ASSDTAGSSYNEQ,RLPGVLPRA
3873,NIATNDY,GYKTK,LVGAPLV,DFQATT,SNEGSKA,SATRSSGEPEQF,CINGVCWTV
7865,TRDTTYY,RNSFDEQN,ALITALNNAGNMLT,SGHDT,YYEEEE,ASSSQGWGRVYSEQF,NLVPMVATV
6464,TSENNYY,QEAYKQQN,TTSGTYKYI,SGHAT,FQNNGV,ASSLLTSGANVLT,GLCTLVAML
6426,TSENNYY,QEAYKQQN,AFMKLAGANSKLT,LGHDT,YNNKEL,ASKSEKGAGGSPLH,SLFNTVATLY
9809,DRGSQS,IYSNGD,AVSIFGNVLH,MNHEY,SMNVEV,ASSGRAGTGVQF,ELAGIGILTV
3628,DSASNY,IRSNVGE,AASEGAPDKLI,SGHDY,FNNNVP,ASSLVAGASNQPQH,RAKFKQLL
9492,NSASQS,VYSSG,VVSDSALI,MNHEY,SMNVEV,ASSAAGTPAYEQY,LLWNGPMAV
6831,VSGLRG,LYSAGEE,AVQANQAGTALI,SGHTA,FQGNSA,GGGYMGTEAF,DATYQRTRALVR
4331,SVFSS,VVTGGEV,AGGGSQGNLI,LNHDA,SQIVND,ASSIMALGRSEAF,GILGFVFTL
4206,TSINN,IRSNERE,ATDADNFNKFY,PRHDT,FYEKMQ,ASSLQNQETQY,RTATKAYNV
1451,NSAFQY,TYSSGN,AMSLSNFGNEKLT,KGHDR,SFDVKD,ATSDNTGTATYNEQF,LLAGIGTVPI
4359,NIATNDY,GYKTK,LVGEGSSASKII,DFQATT,SNEGSKA,SASASGRIAF,YLQPRTFLL
1178,DSASNY,IRSNVGE,AAARIDSSYKLI,SQVTM,ANQGSEA,SVGSGEDSPQY,RAKFKQLL
10228,YGATPY,YFSGDTLV,AVFLYGNNRLA,SGHDY,FNNNVP,ASSPSSSYEQY,RAKFKQLL
4690,TTSDR,LLSNGAV,AVELNYGGSQGNLI,MGHRA,YSYEKL,ASSQDGVPGGNEQY,CTELKLSDY
7618,DRGSQS,IYSNGD,AVLTGGYALN,SGHDN,FVKESK,ASSSGVSSYEQY,LLLDRLNQL
5136,TSDPSYG,QGSYDQQN,AMREGQGSNYQLI,SGDLS,YYNGEE,ASSVGGTSTDTQY,GILGFVFTL
4422,VTNFRS,LTSSGIE,APKAAGNKLT,PRHDT,FYEKMQ,ASSPIAGGNTGELF,YLQPRTFLL
9320,TTSDR,LLSNGAV,AVDFRDNYGQNFV,SGHDT,YYEEEE,ASSLRDGSEAF,RAKFKQLL
9850,DRGSQS,IYSNGD,AAGGSGYALN,MRHNA,SNTAGT,ASSDAVGQGTDTQY,ELAGIGILTV
7232,SVFSS,VVTGGEV,AGEAGTALI,LNHDA,SQIVND,ASSILAGGGTDTQY,YLQPRTFLL
8111,YGATPY,YFSGDTLV,AVGRETSYDKVI,SEHNR,FQNEAQ,ASSLLGAGTGELF,RAKFKQLL
10628,NIATNDY,GYKTK,LVGADDYKLS,SGDLS,YYNGEE,ASSVGSGLQYYEQY,SPRWYFYYL
6073,TISGNEY,GLKNN,IVRVGGYKLS,KGHDR,SFDVKD,ATSDLRLGDTQY,SPRWYFYYL
6434,TTSDR,LLSNGAV,AVDMMDRGSTLGRLY,LNHDA,SQIVND,ASSIYSSTDTQY,GILGFVFTL
10901,NTAFDY,IRPDVSE,AAIPDNTGELI,LNHDA,SQIVND,ASSTRAGYEQY,GILGFVFTL
2624,SVFSS,VVTGGEV,AGEAFGGNYQLI,LGHNA,YSLEER,ASSPDLAGVNEQFFG,ELAGIGILTV
1634,NSAFQY,TYSSGN,AMSRSNFGNEKLT,MDHEN,SYDVKM,ASSPAAGMETQY,LLAGIGTVPI
9431,NSASQS,VYSSG,VVNRDNDMR,SNHLY,FYNNEI,ASSDVTTGELF,YLQPRTFLL
4740,VGISA,LSSGK,AVRATGTASKLT,SQVTM,ANQGSEA,SVAGQGDDHTDTQY,NLVPMVATV
7226,ATGYPS,ATKADDK,ALRNTGGFKTI,MNHEY,SMNVEV,ASRKDWQNTGELF,ELAGIGILTV
1610,TSDPSYG,QGSYDQQN,AMRRYSTLT,SGHAT,FQDESV,ASSSGSNNEQF,GILGFVFTL
8866,DRGSQS,IYSNGD,ALSPGGGSQGNLI,SGDLS,YYNGEE,ASSSGLVSNTGELF,GILGFVFTL
1406,NSASQS,VYSSG,VVNIPAGNTPLV,DFQATT,SNEGSKA,SARDHGATNTGELF,YLQPRTFLL
7234,TSGFNG,NVLDGL,AAMDSNYQLI,MNHNS,SASEGT,ASNEDSNYGYT,DATYQRTRALVR
9704,YGGTVN,YFSGDPLV,AVSGYSSASKII,SGHRS,YFSETQ,ASSSAEEAGYLYGYT,RPHERNGFTVL
5032,TSGFNG,NVLDGL,AVRDRGSQGNLI,KGHSH,LQKENI,ASSPDRGGGYT,YLQPRTFLL
860,TRDTTYY,RNSFDEQN,ALGGSYIPT,SGHAT,FQNNGV,ASSSDQLDRGSYEQY,RTLNAWVKV
393,ATGYPS,ATKADDK,ALWMARRCLLF,SGHNS,FNNNVP,ASSFNAEQF,CLGGLLTMV
1827,VSGNPY,YITGDNLV,AAPRYGQNFV,SNHLY,FYNNEI,ASSYLPGGNTEAF,SPRWYFYYL
1459,DRGSQS,IYSNGD,AVNLWDSGGGADGLT,PRHDT,FYEKMQ,ASSLLLAGAGANVLT,LLLDRLNQL
1823,DSAIYN,IQSSQRE,ALYSNSGYALN,KGHSH,LQKENI,ASRPDSDYGYT,GLCTLVAML
10176,ATGYPS,ATKADDK,ALRGNTGKLI,SGHDT,YYEEEE,ASSFWGGGTEAF,NQKLIANQF
10770,DRGSQS,IYSNGD,AVISGNQFY,SNHLY,FYNNEI,ASGGSSYEQY,LLLDRLNQL
9795,SVFSS,VVTGGEV,AGLTDKLI,DFQATT,SNEGSKA,SANPSNRPFRTQY,GILGFVFTL
2525,SVFSS,VVTGGEV,AGGGQEGSQGNLI,LNHDA,SQIVND,ASSIISNQPQH,GILGFVFTL
7206,DSAIYN,IQSSQRE,AVEISSGSARQLT,LNHDA,SQIVND,ASSLRSTQPQH,GILGFVFTL
1246,NSAFQY,TYSSGN,AMILSNFGNEKLT,MDHEN,SYDVKM,ASSPFMNTEAF,LLAGIGTVPI
10139,TRDTTYY,RNSFDEQN,ALSEADNARLM,SGHVS,FQNEAQ,ASSSGTTTTDTQY,VLFGLGFAI
4677,YGATPY,YFSGDTLV,AVVLSGGYQKVT,SGDLS,YYNGEE,ASSPSGSEQY,CLGGLLTMV
511,VSGNPY,YITGDNLV,AVRTYNYGQNFV,SGHTA,FQGNSA,ASSLEGQGAPGQPQH,LLWNGPMAV
4320,DRGSQS,IYSNGD,AVSDYKLS,SQVTM,ANQGSEA,SVGGGGAGVETQY,LLWNGPMAV
9756,TRDTTYY,RNSFDEQN,ALSEPYSGNTPLV,LNHDA,SQIVND,ASSIRSSYEQY,GILGFVFTL
3491,NSAFQY,TYSSGN,AMNPAWGGATNKLI,LNHDA,SQIVND,ASSARSSYEQY,GILGFVFTL
10766,SSVPPY,YTSAATLV,AAPVPYSGGGADGLT,LNHDA,SQIVND,ASSIRSTGELF,GILGFVFTL
3125,YGATPY,YFSGDTLV,AVGAGPSGTYKYI,SNHLY,FYNNEI,ASSEIGRSTGELF,CINGVCWTV
3548,TSENNYY,QEAYKQQN,ALTTDSWGKLQ,LGHDT,YNNKEL,ASSLTRAGELF,PTDNYITTY
460,SSVPPY,YTSAATLV,AVTLGGTASKLT,SGHAT,FQNNGV,ASSFFSWGTDNEQF,QYIKWPWYI
8732,VSGNPY,YITGDNLV,AVRVYSGAGSYQLT,LNHDA,SQIVND,ASNSGLLEAF,GILGFVFTL
7820,DRGSQS,IYSNGD,AVNRPLTGGGNKLT,LGHDT,YNNKEL,ASSQATSGIFVYEQY,ELAGIGILTV
379,VSGNPY,YITGDNLV,AVRALIGFGNVLHCFGNVLH,LNHNV,YYDKDF,ATSGDYGGSISDTQY,TTDPSFLGRY
9004,DSSSTY,IFSNMDM,AEMEGGSYIPT,MDHEN,SYDVKM,ASSLTTPVYAGELF,RAKFKQLL
606,VSGLRG,LYSAGEE,AVQGIGLGNVLHCFGNVLH,SGHTS,YDEGEE,ASSFSSSGPNEQF,SPRWYFYYL
7386,NSAFQY,TYSSGN,AMSMSNFGNEKLT,DFQATT,SNEGSKA,SPGQGALGYYNEQF,LLAGIGTVPI
5807,NSASDY,IRSNMDK,ADMNRDDKII,LNHDA,SQIVND,ASSIRAAYEQY,GILGFVFTL
10553,NYSPAY,IRENEKE,ALDPLYSSASKII,SGHDY,FNNNVP,ASSLAGPGLGLEQY,ATDALMTGF
2312,TSDPSYG,QGSYDQQN,AMREGNNYGQNFV,SGHVS,FNYEAQ,ASQRGGREETQY,YLQPRTFLL
103,VSGNPY,YITGDNLV,AVRERMDSSYKLI,SEHNR,FQNEAQ,ASSLGLGTGHPNEKLF,TPRVTGGGAM
9498,SVFSS,VVTGGEV,AGALGGSQGNLI,LNHDA,SQIVND,ASSSRSSYEQY,GILGFVFTL
8517,DRGSQS,IYSNGD,AVRDARLMFG,MNHEY,SMNVEV,ASSYGGLGQPQHFG,ELAGIGILTV
2462,TISGTDY,GLTSN,ILPLAGGTSYGKLT,SEHNR,FQNEAQ,ASSSAGGVAGGEQF,FLRGRAYGL
7619,TSESDYY,QEAYKQQN,AYKNAGNMLT,SGHNT,YYREEE,ASSLGTSGRRETQY,YVLDHLIVV
5922,NSAFQY,TYSSGN,AMSHSGAGSYQLT,SGHAT,FQNNGV,ASSLWGAHTEAF,TTDPSFLGRY
2362,DSASNY,IRSNVGE,AATETSYDKVI,SEHNR,FQNEAQ,ASSFLGQHSTDTQY,RAKFKQLL
9357,KTLYG,LQKGGEE,GADMEGAGGTSYGKLT,LNHDA,SQIVND,ASSIGHYGYT,GILGFVFTL
2876,TISGTDY,GLTSN,IPTGANNLF,MNHEY,SVGAGI,ASSYSRWGDEQF,ELAGIGILTV
3292,TSINN,IRSNERE,AAFRSNDYKLS,MNHEY,SVGAGI,ASSPVPGLDEQF,VLFGLGFAI
4975,YGATPY,YFSGDTLV,AVGSIYNQGGKLI,SGHDT,YYEEEE,ASSLRDGSEAF,RAKFKQLL
3711,TRDTTYY,RNSFDEQN,ALSYSSASKII,SQVTM,ANQGSEA,SVEDPMGVGTEAF,QYIKWPWYI
1673,YGATPY,YFSGDTLV,AVVPNTGNQFY,LNHNV,YYDKDF,ATSGGTSYEQF,LLWNGPMAV
4606,DRGSQS,IYSNGD,AVNPWGNDYKLS,MNHEY,SMNVEV,ASSTAGGSYEQY,GILGFVFTL
300,NYSPAY,IRENEKE,APPVAHGQKLL,SGHVS,FQNEAQ,ASSLGTGYSNQPQH,KSKRTPMGF
1474,SIFNT,LYKAGEL,AGSGNGGSQGNLI,LNHDA,SQIVND,ASSGRASTEAF,GILGFVFTL
2046,VSGLRG,LYSAGEE,AVQDPLNFNKFY,SGHTA,FQGNSA,ASSLVMGGGYT,RAKFKQLL
6457,VSNAYN,GSKP,AVDRRMDSSYKLI,MDHEN,SYDVKM,AIVYRGQPSGANVLT,RFPLTFGWCF
5962,DRGSQS,IYSNGD,AVTSVGNKLT,MNHEY,SMNVEV,ASSLSGTNGYT,ELAGIGILTV
6174,NSMFDY,ISSIKDK,AASSGYALN,DFQATT,SNEGSKA,SAVTVNTEAF,RTATKQYNV
8784,VGISA,LSSGK,AVSGTGNQFY,MNHEY,SVGAGI,ASSYGQNTGELF,GILGFVFTL
8421,TSESDYY,QEAYKQQN,AYMEYGNKLV,MGHRA,YSYEKL,ASSLPQGTLNTGELF,RAKFKQLL
5609,SVFSS,VVTGGEV,AGSLGTSGSRLT,MDHEN,SYDVKM,AFGPRDRTNTGELF,NQKLIANQF
8886,TSESDYY,QEAYKQQN,AYRSTGPDKLV,SGHTA,FQGTGA,ASSLGYGDTEAF,RAKFKQLL
51,NSMFDY,ISSIKDK,NAGGTSYGKLT,PRHDT,FYEKMQ,ASSLRHLSNQPQH,RAKFKQLL
7044,SVFSS,VVTGGEV,AGDLSYGGSQGNLI,SNHLY,FYNNEI,ASSWTSGRPEQY,CTELKLSDY
5763,SSNFYA,MTLNGDE,AFDTNAGKST,LNHDA,SQIVND,ASSIFGQREQY,GILGFVFTL
681,TSGFYG,NALDGL,AVTPDGQKLL,SGHNS,FNNNVP,ASSPGTSGRAWNNEQF,NLVPMVATV
8785,VSGNPY,YITGDNLV,AVAKDLQNSGGGADGLT,SEHNR,FQNEAQ,ASIDRPATNEKLF,GILGFVFTL
6265,SSVSVY,YLSGSTLV,AAISGAGSYQLT,SGHRS,YFSETQ,ASSYGTGENTEAF,RAKFKQLL
1350,TSGFNG,NVLDGL,AVGKADNYGQNFV,SGHVS,FNYEAQ,ASSFGGRALPSSYNEQF,YLLEMLWRL
4864,DRGSQS,IYSNGD,NYGGSQGNLI,MDHEN,SYDVKM,ASSRSGTTYEQY,ALGIGILTV
6393,SIFNT,LYKAGEL,AGGNYGGSQGNLI,LNHDA,SQIVND,ASSIRSDEKLF,GILGFVFTL
4178,NSAFQY,TYSSGN,AMSEHNTDKLI,LGHDT,YNNKEL,ASSPLGGQEDTQY,RAKFKQLL
6304,DSASNY,IRSNVGE,AGYSGAGSYQLT,SGHVS,FNYEAQ,ASSLSSYNEQF,RAKFKQLL
7210,DRGSQS,IYSNGD,AVSGRGSTLGRLY,MDHEN,SYDVKM,ASSWGQMNTEAF,ELAGIGILTV
9778,DRGSQS,IYSNGD,ARRGGADGLT,SGHDT,YYEEEE,ASSLALAGPYEQY,ELAGIGILTV
1239,NIATNDY,GYKTK,LVGTYNFNKFY,LGHNA,YNFKEQ,ASSQEVAAGGGDEQF,CINGVCWTV
2557,SSNFYA,MTLNGDE,ARGSSNTGKLI,MGHRA,YSYEKL,ASSQDRFTGSYT,RPPIFIRRL
3449,DRGSQS,IYSNGD,AASGGTYKYI,SGDLS,YYNGEE,ASSSGRLTNTEAF,GLCTLVAML
10747,NIATNDY,GYKTK,LVGDKDFGNEKLT,SGHKS,YYEKEE,ASSFWPKRNYATNEKLF,TTDPSFLGRY
6167,VSGNPY,YITGDNLV,AVRGLMDSSYKLI,SEHNR,FQNEAQ,ASSFHDREGVGSPLH,TPRVTGGGAM
7499,DRGSQS,IYSNGD,AASGGYQKVT,SGHTA,FQGTGA,ASSPPGSGELF,ELAGIGILTV
7342,YSGSPE,HISR,ALCGGGGTKLT,WSHSY,SAAADI,ASRQGDGDTQY,GLCTLVAML
7492,NSMFDY,ISSIKDK,AATGNQFY,MNHEY,SVGEGT,ASSYSQTSGHSYNEQF,GILGFVFTL
7754,TSDPSYG,QGSYDQQN,AMREGEGGGFKTI,SGHNS,FNNNVP,ASSPPGRNEKLF,RAKFKQLL
2118,DSAIYN,IQSSQRE,AGGGFESGGSDYKLT,SGHRS,YFSETQ,ASSLYNPNTEAF,RAKFKQLL
9669,YGATPY,YFSGDTLV,AVVLSGAGSYQLT,SGHDY,FNNNVP,ASSLAGQGVGGSYEQY,CINGVCWTV
7179,DSAIYN,IQSSQRE,AVRSDQAGTALI,SGHDT,YYEEEE,ASSLGTGELF,NLVPMVATV
1538,TRDTTYY,RNSFDEQN,ALSEASHLFQGAQKLV,MNHEY,SMNVEV,ATTGGPEEKLF,TTDPSFLGRY
4443,DRGSQS,IYSNGD,AVRYWFSDGQKLL,LNHDA,SQIVND,ASSIEWKGGIYEQY,LLLDRLNQL
4283,DRGSQS,IYSNGD,AVRAAGNKLT,MNHNY,SVGAGI,ASRSATYTYEQY,YVLDHLIVV
10788,NIATNDY,GYKTK,LVGDVDNYGQNFV,KGHDR,SFDVKD,AAGTSGRVGEQF,CINGVCWTV
5304,NSAFQY,TYSSGN,AMNPSNFGNEKLT,SGHDT,YYEEEE,ASSLDREVVTYEQY,ELAGIGILTV
3136,VSPFSN,MTFSENT,VVSAGLGKTSYDKVI,DFQATT,SNEGSKA,RYKGQGVSGANVLT,GILGFVFTL
4660,DSASNY,IRSNVGE,AASETSYDKVI,SGHNS,FNNNVP,ASTQQGSYGYT,RAKFKQLL
5262,NIATNDY,GYKTK,LVGEPLGGGGNKLT,SGHDT,YYEEEE,ASSLARGTEAF,CINGVCWTV
10714,NSASDY,IRSNMDK,ADSGGGADGLT,MNHEY,SMNVEV,ASSLSGRPYEQY,RAKFKQLL
819,DSASNY,IRSNVGE,AASETSYDKVI,LNHDA,SQIVND,ASSIRSSYEQY,GILGFVFTL
1444,DSASNY,IRSNVGE,AAPRNTNAGKST,MGHRA,YSYEKL,ASSPNAGGTYNEQF,RTATKQYNV
5062,TSDPSYG,QGSYDQQN,AMSPEGGGSYIPT,SGHKS,YYEKEE,ASSPRRTGYTGELF,LLWNGPMAV
7906,TTLSN,LVKSGEV,AGSIMNYGGSQGNLI,SGDLS,YYNGEE,ASSVSSGLYYEQY,CTELKLSDY
6531,DRGSQS,IYSNGD,AVGTTGGGNKLT,SNHLY,FYNNEI,ASRRGAYNEQF,LLLDRLNQL
82,VGISA,LSSGK,AVRRERRDDKII,ENHRY,SYGVKD,AIGPGGSGTQY,RAKFKQLL
4721,KALYS,LLKGGEQ,GTADGGSQGNLI,LNHDA,SQIVND,ASSIRSDDIQY,GILGFVFTL
4060,SSVSVY,YLSGSTLV,AVSDVGQKLL,SGHDT,YYEEEE,ASSTSGGGEQY,QYIKWPWYI
5522,NIATNDY,GYKTK,LVGDGAGGGAVGLT,SEHNR,FQNEAQ,ASSPILEGPDTQY,RAKFKQLL
1878,NSASQS,VYSSG,VVTPPSMNTGFQKLV,MNHNS,SASEGT,ASSEWQGGYEQY,NYNYLYRLF
9729,NSASQS,VYSSG,VVNGKGDDMR,SGHVS,FQNEAQ,AIASQNTGELF,YLQPRTFLL
6908,TTQYPS,AMKANDK,NSGYSTLT,SGHNS,FNNNVP,ASSLLSSYNSPLH,RAKFKQLL
455,TSGFYG,NALDGL,AVRGGFGNVLHCFGNVLH,MNHEY,SMNVEV,ASSLSGRPYEQY,RAKFKQLL
4626,TTLSN,LVKSGEV,GMDSSYKLI,MNHEY,SMNVEV,ASSPTRSYNEQF,RPPIFIRRL
3795,DRGSQS,IYSNGD,ALSASKII,MNHEY,SVGEGT,ASTPGTESYEQY,LLWNGPMAV
1232,TSENNYY,QEAYKQQN,AFMKHRLNSGAGSYQLT,MNHEY,SMNVEV,ASSSLAVPELF,FEDLRLLSF
4214,DRGSQS,IYSNGD,AVMDDKII,LGHDT,YNNKEL,ASSQEVAYEQY,LLWNGPMAV
4010,TSGFNG,NVLDGL,AVRDRNNARLM,SGDLS,YYNGEE,ASSVAGGDEQF,GILGFVFTL
2787,TSESDYY,QEAYKQQN,AYYGNQFY,DFQATT,SNEGSKA,SASGGVITDTQY,KLWAQCVQL
8876,TRDTTYY,RNSFDEQN,ALSEGQTGANNLF,LNHDA,SQIVND,ASSWGGLSNQPQH,ELAGIGILTV
2425,NSAFQY,TYSSGN,AMSVSNFGNEKLT,LGHDT,YNNKEL,ASSQATFLRDTEAF,LLAGIGTVPI
4144,SSNFYA,MTLNGDE,AFIIVERDDKII,MGHRA,YSYEKL,ASSQDGQGLTGELF,CTELKLSDY
1305,YGGTVN,YFSGDPLV,AVTPNMDSSYKLI,SGHTA,FQGNSA,ASSQGLGASFGFIGYT,GILGFVFTL
4669,NSASQS,VYSSG,VVNMMDDMR,SGHKS,YYEKEE,ASSSDDMRNTGELF,YLQPRTFLL
7361,DSAIYN,IQSSQRE,AALNNAGNMLT,LNHDA,SQIVND,ASSIALASEQF,LLDFVRFMGV
5110,NSMFDY,ISSIKDK,AASAISGNTPLV,LGHNA,YNFKEQ,ASSQVGTTLETQY,DATYQRTRALVR
8411,SIFNT,LYKAGEL,AGFHSGTYKYI,SGHVS,FNYEAQ,ASSLGGGDYEQY,FLRGRAYGL
6867,DRGSQS,IYSNGD,AVNDRGSEKLV,LNHDA,SQIVND,ASSARSSYEQY,GILGFVFTL
3512,VSPFSN,MTFSENT,VVSDEYGNKLV,MRHNA,SNTAGT,ASSVWTGHDEQF,GLCTLVAML
390,NIATNDY,GYKTK,LVASPSGGYNKLI,SGHDT,YYEEEE,ASSLARQEETQY,CINGVCWTV
5883,YGATPY,YFSGDTLV,AVGDGNNRLA,MNHEY,SMNVEV,ASSLGTASTDTQY,PTDNYITTY
3751,TISGTDY,GLTSN,ILRGDSGGGADGLT,SGHTA,FQGTGA,ASSLGTSGGTGELF,RAKFKQLL
6847,TSDPSYG,QGSYDQQN,AMREGDFNKFY,LNHDA,SQIVND,ASSILDYGYT,GILGFVFTL
7882,YGATPY,YFSGDTLV,AVGFNFGNEKLT,DFQATT,SNEGSKA,SASWGDYTEAF,GILGFVFTL
2274,TSINN,IRSNERE,ATDGYAGNMLT,MGHDK,SYGVNS,ASSLQSSTEAF,GILGFVFTL
6875,TRDTTYY,RNSFDEQN,ALSGSNQAGTALI,MDHEN,SYDVKM,ASRRGTDTLTDTQY,GILGFVFTL
6681,NSASDY,IRSNMDK,AENNSGDSSYKLI,SGHDY,FNNNVP,ASSFAHLSYNEQF,NLVPMVATV
3780,STGYPT,ETMEN,LLGRGDDYGGATNKLI,MGHRA,YSYEKL,ASSQDGFSGTYT,RPPIFIRRL
2403,NYSPAY,IRENEKE,ALRGGYSTLT,MDHEN,SYDVKM,ASSPITGTSLANEQF,VLFGLGFAI
10534,TRDTTYY,RNSFDEQN,ALNTDKLI,SGHNS,FNNNVP,ASSLEDRVIGSPLH,GILGFVFTL
2752,DRGSQS,IYSNGD,AMTFSGGSNYKLT,SQVTM,ANQGSEA,SVGTGDYEQY,RAKFKQLL
6287,DSSSTY,IFSNMDM,AEMEGGSYIPT,LGHDT,YNNKEL,ASSLGTGGSYEQY,RAKFKQLL
7336,NSASQS,VYSSG,NSGGYQKVT,SNHLY,FYNNEI,ASSVGQGVAEQY,LLAGIGTVPI
9350,NSAFQY,TYSSGN,ASTLSNFGNEKLT,SGHRS,YFSETQ,ASSSYHPGASGDSTDTQY,LLAGIGTVPI
2214,TTLSN,LVKSGEV,TTDSWGKFE,SEHNR,FQNEAQ,ASSFQMEGGQDTQY,GILGFVFTL
8098,VSGNPY,YITGDNLV,AVSPRFSDGQKLL,MGHRA,YSYEKL,ASSQDRTEAHYEQY,QAKWRLQTL
9585,TISGNEY,GLKNN,TSYSGYALN,DFQATT,SNEGSKA,SARDFRDPKTTEAF,RPHERNGFTVL
9652,DSSSTY,IFSNMDM,AENPPDTGGFKTI,SGHKS,YYEKEE,ASSLSTGGGLGETQY,GILGFVFTL
7488,TSDPSYG,QGSYDQQN,AMRGGAGSYQLT,MNHEY,SMNVEV,ATTGGPEEKLF,TTDPSFLGRY
1883,TSDPSYG,QGSYDQQN,AMREVEYNFNKFY,SGHVS,FQNEAQ,ASSHPPGGAQNEQF,CLGGLLTMV
6856,VSGNPY,YITGDNLV,AVRAYGQNFV,LGHNA,YSLEER,ASSQAPPGQGVDIQY,GPRLGVRAT
8424,SIFNT,LYKAGEL,AGQDNDMR,MNHNS,SASEGT,ASGKAGAGDEQY,TTDPSFLGRY
10883,SSVSVY,YLSGSTLV,AVSDGESARLM,LNHDA,SQIVND,ASSIRSSYEQY,GILGFVFTL
10489,TSESDYY,QEAYKQQN,AYSYGGSQGNLI,MNHNS,SASEGT,ASSDGTGGILYEQY,GILGFVFTL
1167,DSSSTY,IFSNMDM,AEMEGGSYIPT,PRHDT,FYEKMQ,ASSLMRGGTYNSPLH,RAKFKQLL
10151,NSAFQY,TYSSGN,AMSAEYKLS,LNHDA,SQIVND,ASSMDPGTGEYQPQH,LLAGIGTVPI
8478,NSAFQY,TYSSGN,AMTLSNFGNEKLT,MNHNS,SASEGT,ASRGAPTNEKLF,LLAGIGTVPI
21,SIFNT,LYKAGEL,AGHPDNTDKLI,SQVTM,ANQGSEA,SVVVISADTQY,TTDPSFLGRY
2897,DRGSQS,IYSNGD,TTDSWGKFE,MNHEY,SVGAGI,ASRPGLMSAQPEQY,LLFGYPVYV
9334,TISGNEY,GLKNN,IVRVGPGGYNKLI,MDHEN,SYDVKM,ASSFLTSANTGELF,SPRWYFYYL
4224,NSASQS,VYSSG,VVTILSLNAGGTSYGKLT,MGHRA,YSYEKL,ASSETGGYEQY,NYNYLYRLF
2345,DRGSQS,IYSNGD,AVNRGSYIPT,MNHEY,SVGEGT,ASSPGLALSPSTDTQY,ELAGIGILTV
2549,DRGSQS,IYSNGD,AVLSGYALN,KGHSH,LQKENI,ASSPDEQVNYGYT,LLLDRLNQL
2871,TRDTTYY,RNSFDEQN,ALTSPYYNQGGKLI,LGHNT,FRNRAP,ASGFTGGRNTEAF,NLVPMVATV
10158,ATGYPS,ATKADDK,TTDSWGKFE,SGHVS,FQNEAQ,ASSDQNTGELF,YLQPRTFLL
1480,NIATNDY,GYKTK,LVGVPFSGSARQLT,SNHLY,FYNNEI,ASSGLNDRFYEQY,SPRWYFYYL
2255,NIATNDY,GYKTK,LVGDPSNFGNEKLT,DFQATT,SNEGSKA,SARAYRESAQY,SPRWYFYYL
9905,NSAFQY,TYSSGN,AMTLSNFGNEKLT,SGHNS,FNNNVP,ASSFSGTGAGYT,LLAGIGTVPI
10130,TSGFNG,NVLDGL,APGSGYALN,MNHEY,SMNVEV,ASSFGLANEQF,MEVTPSGTWL
4484,ATGYPS,ATKADDK,ALSDYGNQFY,MNHEY,SMNVEV,ASSSLAGVREQY,QAKWRLQTL
7164,TTLSN,LVKSGEV,ASPGDGGSQGNLI,LNHDA,SQIVND,ASSPRSTDTQY,GILGFVFTL
9020,NSASQS,VYSSG,VVNFRDDKII,DFQATT,SNEGSKA,SAARLLSLTQY,TPRVTGGGAM
10186,TISGTDY,GLTSN,ILRDLNAGGTSYGKLT,LNHDA,SQIVND,ASSTGQPQH,GILGFVFTL
5373,VSGNPY,YITGDNLV,AVRLRMDSSYKLI,SEHNR,FQNEAQ,ASSYHDLGGAGSPLH,TPRVTGGGAM
3686,SVFSS,VVTGGEV,AGASGGSQGNLI,SQVTM,ANQGSEA,SVGTGGAGQPQH,GILGFVFTL
8420,NSAFQY,TYSSGN,AMSGDNNDMR,LNHDA,SQIVND,ASSPYGGWTEAF,GILGFVFTL
10241,TSENNYY,QEAYKQQN,AYRSLDTGTASKLT,SGHTA,FQGNSA,ASSLWVQHNEQF,CINGVCWTV
3979,DSSSTY,IFSNMDM,AESEGPTYTDKLI,SGHKS,YYEKEE,ASSGPGGVDEQY,RAKFKQLL
3228,TSENNYY,QEAYKQQN,AFMKHYQNSGGSNYKLT,LGHNA,YSLEER,ASSQDNYGGSPLH,YLQPRTFLL
4752,NSASQS,VYSSG,VVNEAGGYNKLI,LNHNV,YYDKDF,ATSSPRTSSDEQF,YSEHPTFTSQY
3779,NSMFDY,ISSIKDK,AAIPVRNGRMNYGGSQGNLI,LNHDA,SQIVND,ASSSRSGIEQY,GILGFVFTL
102,DRGSQS,IYSNGD,AVGGGRRALT,LNHDA,SQIVND,ASSLAGATYEQY,ELAGIGILTV
4739,DSSSTY,IFSNMDM,ADGSGTTDSWGKLQ,MGHRA,YSYEKL,ASSQNQDMGTEAF,GLCTLVAML
967,SVFSS,VVTGGEV,AGSYNNNDMR,LNHDA,SQIVND,ASSIGLFGYT,GILGFVFTL
9610,DSASNY,IRSNVGE,AASETSYDKVI,SEHNR,FQNEAQ,ASSLLGGPDTQY,RAKFKQLL
10251,DRGSQS,IYSNGD,AGPSGAGGYNKLI,SGHNS,FNNNVP,ASSGLTAGELF,LLLDRLNQL
2898,TISGTDY,GLTSN,ILSPTLKAAGNKLT,SGDLS,YYNGEE,ASSVWDRGRPNYGYT,TTDPSFLGRY
267,NYSPAY,IRENEKE,ALPMNRDDKII,SGHAT,FQNNGV,ASSYAYDGSYEQY,GLCTLVAML
6665,DRGSQS,IYSNGD,AVNSKNYQLI,SQVTM,ANQGSEA,SDRDGGNYGYT,YVLDHLIVV
1699,NSASQS,VYSSG,VVNGGDSSYKLI,SNHLY,FYNNEI,ASSPQGVSPGTIY,GLCTLVAML
1146,TTLSN,LVKSGEV,AGRINNARLM,MNHEY,SVGAGI,ASSRDLNEQF,HPNGYKSLSTL
4194,DRGSQS,IYSNGD,AVTDSSASKII,SNHLY,FYNNEI,ASSSGNIYEQY,ALAGIGILTV
5112,SSNFYA,MTLNGDE,AFNRDDKII,MDHEN,SYDVKM,ASRRQGTVYEQY,NLVPMVATV
8155,ATGYPS,ATKADDK,ALLNRDDKII,SEHNR,FQNEAQ,ASSFVDRVYEQY,RAKFKQLL
4872,TSGFNG,NVLDGL,AVRDRRPRLM,SQVTM,ANQGSEA,SVLSSDSYNEQF,SPRWYFYYL
10550,TISGTDY,GLTSN,ILLSNFNKFY,SNHLY,FYNNEI,ASISLDPLY,LLAGIGTVPI
259,NIATNDY,GYKTK,LVGGNNNDMR,LGHNA,YNFKEQ,ASSQEASGGPYEQY,CINGVCWTV
9216,DSASNY,IRSNVGE,AASSIIRGAQKLV,LNHDA,SQIVND,ASTATPGWTEAF,GILGFVFTL
10488,DRGSQS,IYSNGD,AAQGGKLI,MNHEY,SMNVEV,ASSSGTGVFLAEAF,ELAGIGILTV
5439,DSSSTY,IFSNMDM,AESEGPTYTDKLI,SGHRS,YFSETQ,ASSFRGVNTEAF,RAKFKQLL
8046,VTNFRS,LTSSGIE,AGDSGGYQKVT,KGHDR,SFDVKD,ATSDLTGANEQF,SPRWYFYYL
6165,NSAFQY,TYSSGN,AMSEDG,LGHNA,YNFKEQ,ASSPGPNTEAF,RAKFKQLL
1487,TSENNYY,QEAYKQQN,FMTATFTSGTYKY,LNHDA,SQIVND,SSLAGPYNEQ,GILGFVFTL
5957,DRGSQS,IYSNGD,AVRNDMR,SGHAT,FQNNGV,ASSLNGLDGTGELF,ELAGIGILTV
9766,KALYS,LLKGGEQ,GTERPNDYKLS,SGDLS,YYNGEE,ASSTGQLSNTGELF,GLCTLVAML
10546,YGGTVN,YFSGDPLV,AVKDTDKLI,MNHEY,SVGEGT,ASSSPLALVAGELF,YVLDHLIVV
7035,SVFSS,VVTGGEV,AGAVWNFNKFY,LGHDT,YNNKEL,ASSPRGRGEDGYT,HPVTKYIM
5039,DRGSQS,IYSNGD,AVGNSGYSTLT,MNHEY,SVGAGI,ASSYGQGAGYT,ELAGIGILTV
2316,DSASNY,IRSNVGE,AASETSYDKVI,SEHNR,FQNEAQ,ASSELGEGGNTIY,RAKFKQLL
1622,NSAFQY,TYSSGN,ALGRSNFGNEKLT,DFQATT,SNEGSKA,SSSGGPYTDTQY,LLAGIGTVPI
244,SIFNT,LYKAGEL,AGPTQETSGSRLT,LNHDA,SQIVND,ASSIFHTGELF,GILGFVFTL
7427,TSINN,IRSNERE,AAGAAGALRC,SGHNS,FNNNVP,ASSYTLNSPLH,ALGIGILTV
3305,TTSDR,LLSNGAV,AVDLSGSARQLT,DFQATT,SNEGSKA,SARGDRGEGYEQY,LTDEMIAQY
6085,YGGTVN,YFSGDPLV,AVNADGQKLL,GTSNPN,SVGIG,AWRPLLGGASEAF,YVLDHLIVV
5520,NIATNDY,GYKTK,LVGEINNDMR,SGHAT,FQNNGV,STDTQY,RAKFKQLL
7040,SVFSS,VVTGGEV,AGARDTGNQFY,DFQATT,SNEGSKA,SAGLGLPYEQY,LLWNGPMAV
7742,SVFSS,VVTGGEV,AGVYGGSQGNLI,LNHDA,SQIVND,ASSGRASGELF,GILGFVFTL
861,ATGYPS,ATKADDK,ALIAGANSKLT,LNHDA,SHIVND,ASSIAPTDTQY,GILGFVFTL
935,SSVSVY,YLSGSTLV,GEGASKLT,SGHVS,FQNEAQ,ASSRGTGYSNQPQH,KSKRTPMGF
6500,VGISA,LSSGK,AMRPHFGTEILT,SGHTA,FQGNSA,ASSSYRDLMNTEAF,LLAGIGTVPI
10009,KALYS,LLKGGEQ,GTEYPNDYKLS,KGHSH,LQKENI,ASSRQGAGDTEAF,GLCTLVAML
6759,TSINN,IRSNERE,ATKGNVLHCFGNVLH,LNHDA,SQIVND,ASSDRAGNTIY,GILGFVFTL
10521,TSGFNG,NVLDGL,AVRDLYLF,SQVTM,ANQGSEA,SVEGVLADYNEQF,FTSDYYQLY
1599,NSASQS,VYSSG,VVNGKEMNTGFQKLV,LNHDA,SQIVND,ASSGTFGTSGNTDTQY,RVAGDSGFAAY
4342,DSASNY,IRSNVGE,AASESSNDYKLS,MGHRA,YSYEKL,ASSPGTDYGYT,RAKFKQLL
4922,TSESDYY,QEAYKQQN,AYRSHENSGGSNYKLT,MNHEY,SMNVEV,ASSLSPFSADYEQY,NQKLIANQF
3531,NSAFQY,TYSSGN,AMSISNFGNEKLT,LNHDA,SQIVND,ASRFPRDRSNTGELF,LLAGIGTVPI
8472,NSASQS,VYSSG,VVNGENAGLM,SNHLY,FYNNEI,ASSEMWGAPLH,CTELKLSDY
4633,DSASNY,IRSNVGE,AAGGAGNQFY,MNHEY,SMNVEV,ASSYSQGPVDTQY,TTDPSFLGRY
9046,TTLSN,LVKSGEV,AGEAGSYQLT,SGHAT,FQNNGV,ASSLDQGHEQF,TTDPSFLGRY
9409,YGATPY,YFSGDTLV,AYGQNFV,SGDLS,YYNGEE,ASSADSDYGYT,YLLEMLWRL
7640,TSINN,IRSNERE,ATDRAGSARQLT,MGHRA,YSYEKL,ASSLGGTNEQF,RAKFKQLL
3592,DSAIYN,IQSSQRE,AVRPRHYKLS,SGHTA,FQGNSA,ASSLDTGLTYEQY,EPLPQGQLTAY
4774,SVFSS,VVTGGEV,AGDDQGGKLI,LNHDA,SQIVND,ASSIRSSYEQY,GILGFVFTL
4045,SSVPPY,YTSAATLV,AVTPGGFKTI,MNHNS,SASEGT,ASSEFDEETQY,YLQPRTFLL
4182,YGGTVN,YFSGDPLV,AVNGFDMR,SGHDN,FVKESK,ASSQDMGWGTDTQY,FLASKIGRLV
2489,NSAFQY,TYSSGN,AMGLSNFGNEKLT,MDHEN,SYDVKM,ASSSPDRGYTDTQY,LLAGIGTVPI
2786,DRGSQS,IYSNGD,AVNGYGGSQGNLI,MDHEN,SYDVKM,ASSLSRLGSPLH,LLAGIGTVPI
7019,YGATPY,YFSGDTLV,AVGLNTGTASKLT,LNHDA,SHIVND,ASSTRAADTQY,GILGFVFTL
4974,NSASDY,IRSNMDK,AENMRNTDKLI,LNHDA,SQIVND,ASSSFGGRELF,GILGFVFTL
6589,VSGLRG,LYSAGEE,AVHEGGSQGNLI,DFQATT,SNEGSKA,SAREGNQPQH,ELAGIGILTV
4791,NSMFDY,ISSIKDK,AANRDDKII,SEHNR,FQNEAQ,ASSLQSSYNEQF,GILGFVFTL
10449,ATGYPS,ATKADDK,ALSSTTSGTYKYI,MNHEY,SMNVEV,ASSFLVGRAPEKETQY,SPRWYFYYL
7058,TSINN,IRSNERE,ATDDPYNFNKFY,SEHNR,FQNEAQ,ASSHSGGSGGQPQH,RAQAPPPSW
5231,DRGSQS,IYSNGD,AVQDDKII,DFQATT,SNEGSKA,SAGEGEGQPQH,LLWNGPMAV
9975,NSASDY,IRSNMDK,ADSGGGADGLT,MGHRA,YSYEKL,ASSQDRGPGELF,RAKFKQLL
6303,VSGNPY,YITGDNLV,AVTLGGGSQGNLI,LNHDA,SQIVND,ASSGRASDTQY,GILGFVFTL
6877,DRGSQS,IYSNGD,ALSGGYNKLI,LGHNA,YSLEER,ASSPTGQGAHGYT,LLWNGPMAV
6504,DRGSQS,IYSNGD,AVTSYGKLT,SQVTM,ANQGSEA,SVEGGGVAASLDNEQF,LLAGIGTVPI
347,DRGSQS,IYSNGD,AARPLRVDSSYKLI,PRHDT,FYEKMQ,ASSSLLRGGELF,LLLDRLNQL
8625,TSESDYY,QEAYKQQN,AYIQGAQKLV,MRHNA,SNTAGT,ASSASGGAYNEQF,RPPIFIRRL
4106,YGGTVN,YFSGDPLV,AVKGPRDDMR,MNHNY,SVGAGI,ASRYTGGTETQY,YVLDHLIVV
9751,DRGSQS,IYSNGD,AVSGGAGKST,SGHTA,FQGNSA,ASSRPGQGVEKLF,LLAGIGTVPI
1144,YGGTVN,YFSGDPLV,AVNRNYQLI,MDHEN,SYDVKM,ASRGQLGGNQPQH,YVLDHLIVV
591,SVFSS,VVTGGEV,AGAGGGSQGNLI,SEHNR,FQNEAQ,ASSQLGRGDNEQF,GILGFVFTL
2338,DSAIYN,IQSSQRE,AVNGGSYIPT,MNHEY,SVGEGT,ASQGDWREIDTGELF,GILGFVFTL
9467,NSAFQY,TYSSGN,AMSLSNFGNEKLT,MGHRA,YSYEKL,ASNAGTSGANVLT,LLAGIGTVPI
1834,SVFSS,VVTGGEV,ATSNSGYALN,SGHTA,FQGTGA,ASSLPAASSYNEQF,NQKLIANQF
3706,DRGSQS,IYSNGD,AVPAGGTSYGKLT,MNHEY,SVGEGT,ASSPGSGNTIY,ELAGIGILTV
3211,NSASDY,IRSNMDK,AETPYSSASKII,LGHDT,YNNKEL,ASSQFNEKLF,GILGFVFTL
6924,DSAIYN,IQSSQRE,AVRMDSNYQLI,SGHNS,FNNNVP,ASSLGDRAGGYT,RAKFKQLL
7182,DSASNY,IRSNVGE,AAFNYQLI,SGHTA,FQGTGA,ASSYGQGNEQF,RAKFKQLL
3175,DSAIYN,IQSSQRE,AVRRDSGYALN,MNHNY,SVGAGI,ASSPWAGEGETQY,TPRVTGGGAM
2115,KALYS,LLKGGEQ,GTEIEHNAGNMLT,LNHDA,SQIVND,ASSIMGSGNTIY,GILGFVFTL
3205,VSGLRG,LYSAGEE,AVQADNDYKLS,MNHEY,SMNVEV,ASRPGLATDTQY,GILGFVFTL
8821,TISGTDY,GLTSN,ILDLMEYGNKLV,LNHDA,SQIVND,ASSIRSSYEQY,GILGFVFTL
10197,YSGSPE,HISR,AFYGQKLL,LNHDA,SQIVND,ASSVAQYGYT,GILGFVFTL
584,DRGSQS,IYSNGD,ALGFQKLV,SGHDT,YYEEEE,ASSFRGLGQPQH,ELAGIGILTV
8339,SSVSVY,YLSGSTLV,AVTDGGSQGNLI,SGHNS,FNNNVP,ASSFSGNTGELF,RAKFKQLL
362,TSINN,IRSNERE,ATEGDSGYSTLT,SGDLS,YYNGEE,ASSVGGHLNEKLF,FLYALALLL
8894,KALYS,LLKGGEQ,GTPPWGKST,SGHNS,FNNNVP,ASSLPGTGDYEQY,TTDPSFLGRY
6143,YGATPY,YFSGDTLV,ACGDYKLS,SGDLS,YYNGEE,ASSPSELAGGRLDTQY,QMMVKAGL
9583,DSASNY,IRSNVGE,AAGETSYDKVI,SGHNS,FNNNVP,ASIYSGNGELF,RAKFKQLL
8394,SVFSS,VVTGGEV,GGVPGDSNYQLI,MNHEY,SVGAGI,ASIADRGLNTEAF,KSKRTPMGF
5053,TRDTTYY,RNSFDEQN,ALRGNTGGFKTI,MNHEY,SMNVEV,ASSLSGATYNEQF,RTLNAWVKV
4981,SSVSVY,YLSGSTLV,AVSDGSDMR,KGHSH,LQKENI,ASSHPGDEQY,GILGFVFTL
4043,NSASQS,VYSSG,AGGSNYKLT,LNHDA,SQIVND,ASSIFGTGGTEAF,GILGFVFTL
7541,SSYSPS,YTSAATLV,AVSDLIGDDKII,LGHNA,YNFKEQ,ASSPGTPTYGYT,GILGFVFTL
2688,DSASNY,IRSNVGE,AAEGNTPLV,SGHRS,YFSETQ,ASSLSREHGYT,CTELKLSDY
9354,DSASNY,IRSNVGE,AARIGGYSTLT,SGHDN,FVKESK,ASSQVNNPGDGYT,QAKWRLQTL
6076,VSGNPY,YITGDNLV,AVRDLTSGTYKYI,MNHEY,SMNVEV,ASSRRDRGDTQY,RFPLTFGWCF
5314,DRGSQS,IYSNGD,AVTSARLM,LGHNA,YSLEER,ASSAQGDSYEQY,LLWNGPMAV
4366,DSASNY,IRSNVGE,AVTETSYDKVI,SEHNR,FQNEAQ,ASSLVGDSTNYGYT,RAKFKQLL
2900,DSASNY,IRSNVGE,AASETSYDKVI,SGHNS,FNNNVP,ASSRPGQGARTGELF,RAKFKQLL
7530,DRGSQS,IYSNGD,AALGGGADGLT,DFQATT,SNEGSKA,SAPPGDHTEAF,GILGFVFTL
1284,DSSSTY,IFSNMDM,AEPKGGTYKYI,SGHNT,YYREEE,ASSSTGGGEKDQPQH,GLCTLVAML
3736,YGATPY,YFSGDTLV,KTSYDKVI,MNHNS,SASEGT,ASSRQGGHYGYT,FLYALALLL
3019,DRGSQS,IYSNGD,AVTDDKII,MGHRA,YSYEKL,ASSHLAGGAGEQF,LLWNGPMAV
2934,DRGSQS,IYSNGD,AVTWGGGNKLT,DFQATT,SNEGSKA,SAPLTSGMNTGELF,LLAGIGTVPI
3593,TSENNYY,QEAYKQQN,AYRLDDKII,SNHLY,FYNNEI,ASSDTGVTMNTEAF,ALGIGILTV
1651,VSGNPY,YITGDNLV,AVSHLEVYSNTGKLI,LNHDA,SQIVND,ASSNIATDTQY,GILGFVFTL
10011,DSASNY,IRSNVGE,AASEGLNDYKLS,LGHDT,YNNKEL,ASSQAMGTEAF,RAKFKQLL
9632,DRGSQS,IYSNGD,AVNQGGGSQGNLI,MGHRA,YSYEKL,ASSLGGTNEQF,RAKFKQLL
3347,DSASNY,IRSNVGE,AASEGGADGLT,MNHEY,SMNVEV,ASRSPGGGAWVETQY,RAKFKQLL
2173,SVFSS,VVTGGEV,AGAGSGYALN,SEHNR,FQNEAQ,ASSSRDGGTDTQY,RAKFKQLL
9299,VSGNPY,YITGDNLV,AVRDNYGQNFV,SGHVS,FNYEAQ,ASSLAGEVNEQF,GILGFVFTL
8909,TSINN,IRSNERE,ASPHQKVT,LNHDA,SQIVND,ASSQRSTDTQY,GILGFVFTL
2577,TSESDYY,QEAYKQQN,AYRSNYGGSQGNLI,SNHLY,FYNNEI,AKTPGSSNTDTQY,ATDALMTGF
7552,DRGSQS,IYSNGD,SNDYKLS,MDHEN,SYDVKM,ASSSVTEALYEQY,LLAGIGTVPI
5500,TTSDR,LLSNGAV,AGNQGGKLI,DFQATT,SNEGSKA,SARDRSSYEQY,YLQPRTFLL
4002,DRGSQS,IYSNGD,AKGGSGYSTLT,LGHNA,YSLEER,ASSQEPGGAGGYT,ELAGIGILTV
8426,SSVPPY,YTSAATLV,AVILPYNQGGKLI,LNHDA,SQIVND,ASTRTVATNEKLF,VYFLQSINF
3776,DSAIYN,IQSSQRE,AGTHNDYKLS,SGDLS,YYNGEE,ASSDHRSGASTDTQY,YLQPRTFLL
4153,TRDTTYY,RNSFDEQN,ALSNAKTSYDKVI,DFQATT,SNEGSKA,SARPGQFYSNQPQH,FEDLRVLSF
6546,TSESDYY,QEAYKQQN,AYRSPPSSEKLV,SQVTM,ANQGSEA,SDRDGGNYGYT,YVLDHLIVV
9305,TSINN,IRSNERE,ATANTGFQKLV,LNHDA,SQIVND,ASSIRSSYEQY,GILGFVFTL
6094,VSGNPY,YITGDNLV,AVRVLNTPLV,MNHNS,SASEGT,ASSDIFLAKNIQY,SPRWYFYYL
853,TSGFNG,NVLDGL,AVHTGTASKLT,MNHEY,SMNVEV,ASSFDPGSYGYT,NLVPMVATV
10711,SSNFYA,MTLNGDE,AFPRGGSNYKLT,DFQATT,SNEGSKA,SARDVVSGGHYEQY,QYIKWPWYI
2909,TSENNYY,QEAYKQQN,AFTYNNNDMR,MGHRA,YSYEKL,ASSQETGSASQY,RPPIFIRRL
5680,DRGSQS,IYSNGD,AVSNARLM,LNHNV,YYDKDF,ATSRATSNQPQH,LLWNGPMAV
3746,SVFSS,VVTGGEV,AGGGSQGNLI,LGHNA,YNFKEQ,ASSQRPSEVGELF,GILGFVFTL
2360,NSASQS,VYSSG,VVLMDSSYKLI,SQVTM,ANQGSEA,SVVPTGGYGYT,RTATKAYNV
4978,DRGSQS,IYSNGD,AVAVGVSGGGADGLT,SQVTM,ANQGSEA,SVGTGDWGEQY,GILGFVFTL
4223,VSGLRG,LYSAGEE,AVHPNQAGTALI,SGHKS,YYEKEE,ASSPGTDYGYT,DATYQRTRALVR
2971,DSVNN,IPSGT,AVDEIKAAGNKLT,SGHNT,YYREEE,ASSLGAYNSPLH,LLWNGPMAV
4913,NSASDY,IRSNMDK,AEWGNNNARLM,LNHDA,SQIVND,ASSMRSTGELF,GILGFVFTL
4140,TISGTDY,GLTSN,ILRETSYDKVI,LNHDA,SQIVND,ASSYHSNQPQH,GILGFVFTL
2901,YGGTVN,YFSGDPLV,AVKTGTDGLT,LGHDT,YNNKEL,ASRTNTEAF,YVLDHLIVV
9258,TSDPSYG,QGSYDQQN,AIPHAGGTSYGKLT,MGHRA,YSYEKL,ASSQDLADRGYT,NYNYLYRLF
3431,NSASQS,VYSSG,VVPAGWDAGNMLT,WSHSY,SAAADI,ASSEQTGSYGYT,NYNYLYRLF
10491,DRGSQS,IYSNGD,AVNEGGGSYIPT,SGHRS,YFSETQ,ASSLAMGTSGGPYNEQF,KLWAQCVQL
435,NSMFDY,ISSIKDK,AASPTGGAQKLV,SGHTA,FQGTGA,ASSLTLLNEQF,RAKFKQLL
6492,NSASQS,VYSSG,VVNGRDSSYKLI,SNHLY,FYNNEI,ASSSGKLAPGEL,GLCTLVAML
2914,VSGNPY,YITGDNLV,AVRGRYTDKLI,MDHEN,SYDVKM,ASSLVVAGGPMSEQF,EPLPQGQLTAY
4276,TSINN,IRSNERE,ASTGTASKLT,SGDLS,YYNGEE,ASSVGTSDTDTQY,GPRLGVRAT
1439,TTLSN,LVKSGEV,AAPGQNRDDKII,KGHSH,LQKENI,ASSPPQGRGGYT,LLAGIGTVPI
8666,DSASNY,IRSNVGE,AASNPGGGNKLT,DFQATT,SNEGSKA,SASPESLSYEQY,GILGFVFTL
8778,VSGNPY,YITGDNLV,TSRVTDYKLS,SEHNR,FQNEAQ,ASSPDRESNTGELF,KSKRTPMGF
815,NSASQS,VYSSG,VVNNAGNMLT,LNHNV,YYDKDF,ATQNLNTGELF,YLQPRTFLL
665,TRDTTYY,RNSFDEQN,ALSVTSGTYKYI,LNHDA,SQIVND,ASSVGVHGT,GILGFVFTL
2395,NSASQS,VYSSG,VVNKDNFNKFY,SGHDN,FVKESK,ASRPQQGKGSYEQY,LLWNGPMAV
1941,TRDTTYY,RNSFDEQN,ALMGSGGGADGLT,SGHVS,FNYEAQ,ASSRTSGEYNEQF,GILGFVFTL
8983,TSENNYY,QEAYKQQN,AFLQGGSEKLV,MDHEN,SYDVKM,ASSLFGLAGVEETQY,RLPGVLPRA
549,DRGSQS,IYSNGD,AGSASKII,SGHDY,FNNNVP,ASSYSGGGNQPQH,LLWNGPMAV
2627,NYSPAY,IRENEKE,ALGGYDGNVLHCFGNVLH,DFQATT,SNEGSKA,SARDRRVDSRNTGELF,SPRWYFYYL
3377,NSASDY,IRSNMDK,ADSGGGADGLT,GTSNPN,SVGIG,AWGDSYEQY,RAKFKQLL
1183,DSASNY,IRSNVGE,AASRGASKII,DFQATT,SNEGSKA,SARDYLTSGRGGTYEQY,NQKLIANQF
6352,TSESDYY,QEAYKQQN,AYRSNYGGSQGNLI,MGHRA,YSYEKL,ASSQESGNPNNEQF,ATDALMTGF
9212,TRDTTYY,RNSFDEQN,ALILPYSGGGADGLT,DFQATT,SNEGSKA,SARDPGTGAYYGYT,TTDPSFLGRY
2777,DRGSQS,IYSNGD,AGNAGNMLT,GTSNPN,SVGIG,AWSTGNYEQY,LLLDRLNQL
7033,DRGSQS,IYSNGD,AVNTGDMR,MNHNS,SASEGT,ASSPGQGLDTQY,ELAGIGILTV
3651,SVFSS,VVTGGEV,GAGGGSQGNL,LNHDA,SQIVND,SSIRSSDTQ,GILGFVFTL
5354,NSMFDY,ISSIKDK,AASGDDKII,SEHNR,FQNEAQ,ASSLTGGSYGYT,YLQPRTFLL
9535,DRGSQS,IYSNGD,AVNQGGKLI,SGHDY,FNNNVP,ASGDSGNTIY,ELAGIGILTV
6247,YGATPY,YFSGDTLV,AVGHLGGGSYIPT,MNHNS,SASEGT,ASISLGQNTEAF,FLYALALLL
2829,TSINN,IRSNERE,ATDAGAQKLV,LNHDA,SQIVND,ASSTRSSYEQY,GILGFVFTL
1437,DRGSQS,IYSNGD,ASPRAGSYQLT,ENHRY,SYGVKD,AISEGDGYT,VSDGGPNLY
3805,NSMFDY,ISSIKDK,AASPTSGTYKYI,LNHNV,YYDKDF,ATSFDRGPYGYT,VSDGGPNLY
929,NSMFDY,ISSIKDK,AARVENNTAKLI,ENHRY,SYGVKD,AISDWSTYEQY,VLFGLGFAI
6682,VSGNPY,YITGDNLV,AVSPLGGSQGNLI,LNHDA,SQIVND,ASSMRAALEQY,GILGFVFTL
5058,DSSSTY,IFSNMDM,AEDNNARLM,DFQATT,SNEGSKA,SASRPYSNQPQH,GLCTLVAML
4966,TTLSN,LVKSGEV,TTDSWGKFE,SNHLY,FYNNEI,ASRAGGGVETQY,RAQAPPPSW
6078,SVFSS,VVTGGEV,AGAGGGSQGNLI,LNHDA,SQIVND,ASSLRSADTQY,GILGFVFTL
5716,DRGSQS,IYSNGD,AVSGGGADGLT,MDHEN,SYDVKM,ASSFLGTGVEQY,EAAGIGILTV
6273,TRDTTYY,RNSFDEQN,ALSNAKTSYDKVI,DFQATT,SNEGSKA,SARPGQFYSNQPQH,FEDLRLLSF
7804,VSGNPY,YITGDNLV,AVRDSASGNTGKLI,LNHDA,SQIVND,ASSWGTGGNQPQH,FEDLRVLSF
8296,YGATPY,YFSGDTLV,AVVVRNTGGFKTI,SGHDY,FNNNVP,ASTTGTSGRDYNEQF,VLEETSVML
10068,YGATPY,YFSGDTLV,AVVVRNTGGFKTI,SGHDY,FNNNVP,ASTTGTSGRDYNEQF,TPRVTGGGAM
10617,DSAIYN,IQSSQRE,AVRRDSGYALN,MNHNY,SVGAGI,ASSPWAGEGETQY,RPPIFIRRL
